acc_x, acc_y, angular_z, stamp, 
-0.004402101039886475,0.005858778953552246,-0.0002098945228811575,1791553105150116633,
-0.013264358043670654,3.2007694244384766e-05,-0.0016187590364831164,1791553105207729426,
0.004597842693328857,0.009111583232879639,-0.0004274443819867156,1791553105229898547,
-0.006074130535125732,0.0017281174659729004,-0.0002221481196214681,1791553105267459076,
0.003039240837097168,-0.0023505687713623047,-0.0016776713719210596,1791553105296574523,
-0.009465992450714111,-0.0008397698402404785,-0.0007133020627222672,1791553105327701455,
-0.011485457420349121,0.0064923763275146484,-0.0003605865888194753,1791553105359765607,
0.02965998649597168,0.01040959358215332,0.0009320039681116878,1791553105387266213,
-0.016060292720794678,0.01745617389678955,-0.0018089315903741924,1791553105417134147,
0.01281750202178955,0.020523130893707275,0.0004973044932835527,1791553105447097780,
-0.013787448406219482,0.025609374046325684,-3.052232633036416e-05,1791553105477386154,
-0.03540724515914917,-0.008757174015045166,-0.00020738816000104033,1791553105506983345,
0.018170177936553955,-0.001716315746307373,0.000328812124191739,1791553105536990380,
0.027170300483703613,0.024959802627563477,-0.0016006787029841172,1791553105567375771,
0.017986655235290527,0.006968796253204346,-0.0006839071582574258,1791553105599491649,
-0.013790309429168701,-0.001756906509399414,0.00016674285721277442,1791553105626822781,
-0.003057122230529785,0.026682376861572266,0.00033602024718862804,1791553105656712135,
-0.0013178586959838867,0.028251290321350098,-6.905224192197339e-06,1791553105686893043,
-0.006800413131713867,-0.018714308738708496,-7.002386585719024e-06,1791553105716656796,
0.02357959747314453,-0.004429876804351807,-7.96142202931646e-06,1791553105746579514,
-0.0088614821434021,-0.009817242622375488,-7.199817766885566e-06,1791553105775528792,
-0.010521769523620605,-0.009826421737670898,-6.475964207089357e-06,1791553105807716490,
0.007420599460601807,-0.011648774147033691,-6.559777164902052e-06,1791553105839495794,
0.011078894138336182,0.0010052323341369629,-7.666928516939106e-06,1791553105866687544,
0.02509981393814087,0.006406128406524658,-6.898898471656924e-06,1791553105896906536,
-0.00734257698059082,0.006491661071777344,-6.0612166688079775e-06,1791553105926384136,
-0.012808740139007568,0.011840462684631348,-5.974890936096017e-06,1791553105956288499,
0.033767759799957275,-0.0008133649826049805,-5.953871926226603e-06,1791553105986299639,
-0.0004674196243286133,0.009958386421203613,-5.94797891723759e-06,1791553106016340907,
0.008486390113830566,0.0009824633598327637,-5.7595988669915704e-06,1791553106047365282,
-0.0185357928276062,0.009983539581298828,-4.603258326461852e-06,1791553106079709879,
-0.01128774881362915,0.004636228084564209,-6.907570105260472e-06,1791553106105580659,
0.010309815406799316,-0.004372596740722656,-5.847769816810756e-06,1791553106136142079,
0.0012330412864685059,-0.0007565021514892578,-5.9071469510225035e-06,1791553106166396977,
-0.009719789028167725,-0.009796977043151855,-5.006600745439643e-06,1791553106196141189,
0.004472255706787109,-0.015311241149902344,-6.9427870274977745e-06,1791553106226175932,
-0.006473243236541748,0.0008306503295898438,-4.9752074116554766e-06,1791553106256109054,
-0.010028958320617676,0.013280391693115234,-4.8961180706102365e-06,1791553106286526684,
0.022082209587097168,0.0148659348487854,-4.812522227934356e-06,1791553106317473684,
-0.008687615394592285,0.0038523077964782715,-5.103335088878748e-06,1791553106346657605,
-0.014154314994812012,3.0517578125e-05,-4.028484576740445e-06,1791553106376231992,
0.003931701183319092,-0.0038939714431762695,-4.964748522698273e-06,1791553106406234286,
0.0020560026168823242,-0.002391993999481201,-4.9868086179655215e-06,1791553106436105720,
0.0036772489547729492,-0.013486742973327637,-4.963178526549353e-06,1791553106466120574,
-0.0018119215965270996,-0.004711627960205078,-5.203920032610641e-06,1791553106494747926,
-0.023216068744659424,-0.00308305025100708,-4.561100535005398e-06,1791553106527411284,
0.005769610404968262,0.016503453254699707,-2.1864112505430784e-06,1791553106554661769,
-0.019325315952301025,-0.008787751197814941,-9.717405760338931e-07,1791553106585311520,
0.009482324123382568,-0.010625362396240234,-1.0021044397512609e-06,1791553106615035968,
0.009515166282653809,-0.005223870277404785,-9.933217063873582e-07,1791553106645024864,
0.0041847825050354,0.014579176902770996,-9.909547233288916e-07,1791553106675086533,
-0.008200109004974365,0.007288813591003418,-9.979702694321478e-07,1791553106704939010,
-0.008141160011291504,-0.009008407592773438,-1.007204033385104e-06,1791553106734520538,
-0.009883284568786621,-0.019869983196258545,1.7171047697651418e-10,1791553106768354462,
-0.016901135444641113,0.017878949642181396,1.8927628723434117e-10,1791553106795035904,
-0.03473538160324097,-0.005510985851287842,1.1716376877535396e-10,1791553106824707392,
0.01585906744003296,-0.0270499587059021,-9.937858076608924e-07,1791553106854694159,
-0.0002949833869934082,-0.010690927505493164,-9.962751771236439e-07,1791553106884606268,
-0.0074863433837890625,0.0021795034408569336,6.673409404429518e-11,1791553106914495750,
-0.0073639750480651855,0.0005773305892944336,5.381190386273568e-11,1791553106944554501,
-0.005423128604888916,-0.011765837669372559,-9.65171841366888e-07,1791553106975431778,
8.690357208251953e-05,0.004665672779083252,-3.582031782662346e-11,1791553107007789196,
-0.01070183515548706,-0.01847296953201294,-7.370563285948511e-11,1791553107034811042,
0.01270514726638794,0.00871288776397705,-9.277882656985929e-11,1791553107064262134,
-0.012246370315551758,0.010749876499176025,-9.974905279690576e-07,1791553107094144451,
-0.022829174995422363,0.025252044200897217,-1.984736131531106e-06,1791553107124179842,
0.0042372941970825195,-0.0034779906272888184,-3.3564568559394203e-10,1791553107154097095,
0.004234135150909424,0.005440950393676758,-3.558586614517383e-10,1791553107184221050,
-0.022600114345550537,0.007233679294586182,-3.2512043087799997e-10,1791553107216122160,
-0.006176173686981201,0.0018216967582702637,-3.840340690665627e-10,1791553107246577805,
0.00831902027130127,-0.02330911159515381,-4.857861214192e-10,1791553107273971130,
0.0017756819725036621,0.009140610694885254,-0.00011967229714953819,1791553107304103617,
0.03580707311630249,0.004224598407745361,-0.0016307997224895123,1791553107333744940,
1.0054322481155396,0.5702520608901978,0.04492857894268821,1791553107363742184,
1.3508938550949097,-0.1990058422088623,0.24310161690012755,1791553107393941016,
0.4260239005088806,0.24559813737869263,0.27282548206640406,1791553107423831876,
0.6076096296310425,0.20834630727767944,0.33506829391496773,1791553107455948001,
1.0165191888809204,-0.039542317390441895,0.43523882723008883,1791553107486210736,
0.17960840463638306,0.3534961938858032,0.5422201810682409,1791553107523414180,
0.4702429175376892,0.3432556390762329,0.5582346576868787,1791553107553359834,
0.5075970888137817,0.01569730043411255,0.623634685262414,1791553107584083565,
0.2653651237487793,0.5184228420257568,0.6844765608505494,1791553107615809063,
0.7441760897636414,0.2339453101158142,0.8805478380896736,1791553107643226920,
0.07629436254501343,-0.21720987558364868,0.8566802185654803,1791553107673446086,
0.7026686668395996,0.31093233823776245,0.9389806322414826,1791553107703141894,
0.7887693643569946,0.5895847678184509,1.011338510725018,1791553107733076031,
0.241655170917511,0.6986886858940125,1.1000339845092464,1791553107762970877,
-0.04271441698074341,0.018726468086242676,1.1532829853196915,1791553107792952267,
-0.19995880126953125,0.7488061189651489,1.0977670858687398,1791553107823619445,
0.8384301662445068,-0.0166090726852417,1.055183731548843,1791553107856040251,
-0.03786957263946533,0.020811378955841064,1.2734392352304973,1791553107882849705,
-0.2871705889701843,0.2287166714668274,1.1213993713731902,1791553107912689400,
-0.05414456129074097,0.541008472442627,1.1153609110596021,1791553107942660020,
-0.45301133394241333,0.4481155276298523,1.166670580561233,1791553107972612419,
0.5271680355072021,0.4550532102584839,1.1941222621936647,1791553108002554890,
-0.7559669613838196,-3.314018249511719e-05,1.2358519363066518,1791553108031521615,
-0.3016272783279419,-0.33256983757019043,1.1049008573578394,1791553108063705320,
0.4998188018798828,0.6785818934440613,1.1075539595136699,1791553108095655109,
-0.4006882309913635,0.20797467231750488,1.3303516243335216,1791553108122428434,
-0.24560171365737915,0.4635576605796814,1.1743111226289265,1791553108152305141,
0.3286912441253662,0.6913474798202515,1.1359047322810212,1791553108182247761,
-0.2621098756790161,0.10679948329925537,1.1641349186557892,1791553108212223749,
0.3186516761779785,0.2732614278793335,1.1913654319859484,1791553108242134286,
-0.24574393033981323,0.5895147919654846,1.1814764988476385,1791553108272071658,
-0.6601005792617798,0.2900790572166443,1.0904049959209297,1791553108304110634,
-0.015172302722930908,0.13586211204528809,1.184114099307803,1791553108333524268,
0.13157320022583008,0.3457322120666504,1.235326919300937,1791553108361921649,
-0.36226987838745117,-0.0763363242149353,1.1527786169673118,1791553108391915995,
0.457075297832489,0.11555057764053345,1.15164018654765,1791553108421824730,
-0.11095619201660156,0.34444373846054077,1.1984389851338233,1791553108451797713,
0.32362496852874756,0.5160228610038757,1.207300574733534,1791553108481734305,
-0.3306400775909424,0.2830132842063904,1.185702645056472,1791553108511674648,
-0.183121919631958,-0.007393360137939453,1.0941984294644496,1791553108543823340,
0.07601189613342285,0.2789846658706665,1.274462564416202,1791553108571648238,
0.39880359172821045,0.40083956718444824,1.1674131051881866,1791553108601468450,
-0.49886929988861084,0.2298741340637207,1.1339818790813267,1791553108631485200,
0.45994532108306885,0.1905202865600586,1.1344639579988334,1791553108661379337,
-0.2990204095840454,0.418517529964447,1.1840199615285492,1791553108691309929,
0.06339055299758911,0.192665696144104,1.176474629208577,1791553108721286484,
0.38449639081954956,0.17355293035507202,1.14469925151289,1791553108751947905,
-0.6380385756492615,0.6193380951881409,1.0919518796418446,1791553108784131127,
0.23178905248641968,0.054989516735076904,1.2857141241960872,1791553108811213067,
-0.29136359691619873,0.14511650800704956,1.136729462253861,1791553108841050014,
0.22383546829223633,0.16107553243637085,1.097683904229325,1791553108871025435,
-0.3777972459793091,0.03529137372970581,1.1258478542797747,1791553108901040919,
-0.17813551425933838,0.1728750467300415,1.1710289966509515,1791553108930934784,
0.03545290231704712,0.5264144539833069,1.2499441308606811,1791553108960130280,
0.2942855954170227,0.19650334119796753,1.1424465267398736,1791553108991697735,
-0.24315959215164185,-0.09235191345214844,1.0936200189218144,1791553109023995271,
-0.06421250104904175,0.7554448843002319,1.3126309207064264,1791553109050729684,
0.23613184690475464,0.4819951057434082,1.1646408968636162,1791553109080702037,
-0.5791544318199158,0.3514912724494934,1.1372634980379854,1791553109110612358,
-0.061454713344573975,-0.32952553033828735,1.145989475749438,1791553109141200770,
-0.2731294631958008,0.2359846830368042,1.1935339018796356,1791553109171144733,
-0.08094322681427002,0.2486797571182251,1.1633642445041876,1791553109201167605,
-0.531939685344696,0.1883089542388916,1.1346940374508516,1791553109230535621,
-0.20023930072784424,-0.2072054147720337,1.0148788520062009,1791553109263328553,
0.07828545570373535,0.5830740332603455,1.2341199166100925,1791553109290357300,
-0.23419535160064697,0.13712328672409058,1.1460750792123293,1791553109320341504,
-0.739811897277832,0.12278205156326294,1.1889336017789431,1791553109350147706,
0.7778713703155518,0.2399735450744629,1.1618848940943665,1791553109380147568,
-0.19105857610702515,0.12307369709014893,1.162461310554485,1791553109410059956,
0.008209168910980225,0.12661761045455933,1.1641814361732565,1791553109440061200,
0.3250669240951538,0.15747714042663574,1.0919052719095301,1791553109471844163,
-0.8026667833328247,0.30597907304763794,1.1135128875508418,1791553109501953056,
0.005713343620300293,0.1491495966911316,1.2017299137304098,1791553109529802434,
0.16892117261886597,0.456415593624115,1.169671305722187,1791553109559784495,
-0.46016937494277954,0.5581901669502258,1.1836283172611666,1791553109589731600,
0.3320125341415405,0.41427624225616455,1.1857583489717007,1791553109619671058,
-0.5359236598014832,-0.372040331363678,1.1818546757528472,1791553109649636420,
0.13723325729370117,-0.24466544389724731,1.1755773481842886,1791553109679568554,
0.09670048952102661,0.7355775833129883,1.0472113440389517,1791553109711988929,
-0.09445464611053467,0.2392798662185669,1.2175405794439813,1791553109739547806,
-0.4682726263999939,0.10332781076431274,1.162457678435929,1791553109769391448,
0.2511059641838074,0.415807843208313,1.1997096350878145,1791553109799356229,
-0.48167163133621216,0.24445807933807373,1.181366189296927,1791553109829319066,
-0.07689452171325684,-0.3994608521461487,1.149008372662407,1791553109859235672,
0.47692883014678955,0.368130624294281,1.177389163593254,1791553109889253587,
-0.6554998159408569,0.46517401933670044,1.1308958270595848,1791553109920136374,
0.2793145775794983,0.3080555200576782,1.0942990425429873,1791553109951724814,
-0.5893003344535828,0.034125328063964844,1.2410017735280583,1791553109989066116,
0.21203464269638062,0.38522809743881226,1.194217691615444,1791553110018948441,
-0.4538923501968384,0.48429936170578003,1.1559967093232462,1791553110049155704,
-0.05242812633514404,0.21738767623901367,1.1477920209674128,1791553110079591401,
-0.019409120082855225,0.29420721530914307,1.0850210871819654,1791553110111733175,
-0.011169612407684326,0.2320953607559204,1.2893371495939316,1791553110138830476,
0.0351794958114624,-0.16349387168884277,1.1825455346330978,1791553110168793601,
-0.39445579051971436,0.1632908582687378,1.1612840216043654,1791553110198620335,
-0.6026355624198914,0.8120366930961609,1.1271611672347643,1791553110228680818,
-0.27619725465774536,0.08757328987121582,1.2154366696791967,1791553110257539024,
0.2284151315689087,0.10204422473907471,1.1863582293017265,1791553110287510966,
-0.4342585802078247,0.47934919595718384,1.071556379545065,1791553110319586896,
0.5103793144226074,-0.06554573774337769,1.0818265344071132,1791553110352004794,
-0.695523738861084,0.08140069246292114,1.313437538230153,1791553110378359423,
0.6176393032073975,0.4971300959587097,1.1374016633212496,1791553110408334639,
-0.605741024017334,0.0001245737075805664,0.9970879038104551,1791553110431828222,
-0.9046575427055359,0.15709644556045532,1.2787459253864408,1791553110468239557,
0.024942517280578613,0.5378069281578064,1.1738206590739864,1791553110498149043,
-0.26315802335739136,-0.10535067319869995,1.1894019756520244,1791553110528146068,
-0.024215519428253174,-0.297183632850647,1.1129392989932116,1791553110559858630,
0.08606886863708496,0.8436985015869141,1.1078880685532004,1791553110590436249,
0.0660022497177124,0.09021121263504028,1.2523120681368842,1791553110626922095,
0.33270353078842163,0.5886951684951782,1.1208140970552736,1791553110657894689,
-0.6945568919181824,-0.1728060245513916,1.1813745929503352,1791553110687846109,
-0.3765009045600891,0.4989081621170044,1.0905900351235736,1791553110719878532,
0.6401468515396118,0.7555267810821533,1.190915942448435,1791553110749659760,
-0.6877884268760681,-0.04608041048049927,1.2467023650957827,1791553110777603466,
-0.2201114296913147,-0.17647325992584229,1.1449776300168097,1791553110807579683,
0.11243629455566406,0.31758415699005127,1.0325632538063196,1791553110829669579,
0.04683053493499756,0.13706755638122559,1.1925493616403675,1791553110867464535,
0.2623223662376404,-0.19056624174118042,1.152348997437066,1791553110897442892,
-0.026261568069458008,0.5517375469207764,1.0955600677557429,1791553110928650687,
-0.409035861492157,0.2955252528190613,1.1250386285366634,1791553110959629952,
-0.11459392309188843,0.13267439603805542,1.2402133575649639,1791553110987351175,
0.18695634603500366,0.13031166791915894,1.1893769591695278,1791553111017230953,
-0.7033149600028992,0.1009264588356018,1.1835780363196773,1791553111047153417,
0.000578463077545166,0.14123880863189697,1.149781625310258,1791553111077333251,
0.0026743412017822266,0.6937333345413208,1.1509987606126593,1791553111107079862,
-0.4126717448234558,0.40716809034347534,1.1784104334161731,1791553111137019370,
0.6639926433563232,0.38827455043792725,1.1410032445190141,1791553111167612255,
-1.0154321193695068,-0.09681957960128784,1.0672631839436137,1791553111199962580,
0.08433723449707031,0.033136188983917236,1.30296204526289,1791553111226985365,
-0.3573545217514038,0.4929735064506531,1.1518869170466857,1791553111256840350,
-0.060688316822052,0.12420433759689331,1.148317373713006,1791553111286742929,
-0.1867433786392212,0.3273438811302185,1.1610212941494995,1791553111316733536,
-0.15927773714065552,0.25547856092453003,1.1495017323201309,1791553111346654261,
-0.15665042400360107,0.014740228652954102,1.1611414895607797,1791553111376584043,
0.06509554386138916,-0.029314160346984863,1.1142456339680051,1791553111408006780,
0.4563806653022766,0.7121863961219788,1.0527321386049011,1791553111440413332,
-0.5300068259239197,0.18692487478256226,1.296183547894987,1791553111466816448,
0.3186647295951843,0.32102155685424805,1.159444765673664,1791553111496816819,
-0.6509593725204468,0.858132541179657,1.1516642926985148,1791553111526667567,
-0.05361896753311157,-0.3084760308265686,1.1709716732945197,1791553111556428085,
-0.3429870009422302,-0.462848424911499,1.1749957232872146,1791553111586442985,
-0.20894646644592285,0.44633233547210693,1.1875169275303528,1791553111616407717,
0.40268898010253906,0.6225218772888184,1.1084298679343583,1791553111647799678,
0.3705231547355652,0.17772620916366577,1.0910481615409164,1791553111678869826,
-0.03986048698425293,0.4997101426124573,1.239958079106676,1791553111706373796,
0.021615922451019287,0.6648414134979248,1.1172103644455504,1791553111736569678,
-0.14926379919052124,-0.061872780323028564,1.1490104969235124,1791553111766397150,
-0.5245983600616455,0.16422569751739502,1.1572608742100043,1791553111796294058,
-0.214871346950531,0.372708261013031,1.1710625019016434,1791553111826454953,
-0.40053653717041016,0.18500006198883057,1.1642423252464111,1791553111856589920,
-0.13417154550552368,0.21394801139831543,1.1075844442730236,1791553111888123388,
0.3350868225097656,0.5400350093841553,1.1417630264433614,1791553111917706332,
-0.15348190069198608,0.5696048736572266,1.1520244807634303,1791553111946333603,
-0.1905609369277954,-0.13639187812805176,1.154776875467146,1791553111975560081,
-0.28845709562301636,0.26209765672683716,1.131124494361557,1791553112005632762,
0.26843172311782837,0.6276227235794067,1.124160854816563,1791553112036351637,
-0.31756389141082764,0.002458512783050537,1.1526951565521328,1791553112066711549,
0.3075389266014099,-0.6629765629768372,1.1879461787093377,1791553112095810398,
-0.05914407968521118,0.7970185279846191,1.0837234476646225,1791553112127676169,
0.5661364793777466,0.4437885880470276,1.2862137763128314,1791553112154818673,
-0.7779487371444702,0.17859047651290894,1.1200752037438741,1791553112185469308,
0.23414725065231323,0.6632642149925232,1.158088175113381,1791553112215102315,
-0.19771194458007812,0.5379918813705444,1.1669092897866011,1791553112245088620,
-0.7197867631912231,-0.3118324875831604,1.149541480556642,1791553112275129220,
0.4182898998260498,0.20184165239334106,1.1240114276631157,1791553112305353280,
-0.5080558061599731,0.3806224465370178,1.0936801035725174,1791553112336167138,
-0.07196825742721558,0.0185316801071167,1.0732531332993862,1791553112367943499,
0.21984374523162842,0.822791337966919,1.2708822454864874,1791553112394993638,
0.209650456905365,0.474743127822876,1.1539758510052147,1791553112424845398,
-0.4822026491165161,0.3512870669364929,1.1581416110007954,1791553112454692348,
-0.05016922950744629,0.011092543601989746,1.1687943316507483,1791553112484655480,
-0.5482448935508728,0.3241938352584839,1.1672231679492007,1791553112514561815,
-0.10310494899749756,0.24356937408447266,1.1497310826742888,1791553112544719057,
-0.06969022750854492,0.3176252245903015,1.1202292096807278,1791553112576219875,
-0.5976006388664246,0.7074524164199829,1.0889124413509241,1791553112608192391,
0.08620321750640869,0.8234927654266357,1.288654513079587,1791553112644338447,
-0.5335198044776917,0.24378222227096558,1.1591843559612647,1791553112674354752,
0.10451716184616089,0.264011025428772,1.1749844746982914,1791553112704310131,
-0.4707414507865906,0.6054712533950806,1.092130707949802,1791553112736332206,
0.09599268436431885,0.484389066696167,1.143574862340426,1791553112766614058,
-0.11354809999465942,-0.19181066751480103,1.2171618071922203,1791553112794882146,
-0.18864381313323975,0.04007577896118164,1.2390475304748871,1791553112823056467,
0.1688697338104248,0.6360133290290833,1.10763231239058,1791553112854034100,
0.3421217203140259,0.23728615045547485,1.122209643340749,1791553112884076635,
-0.539722740650177,0.2079210877418518,1.1513818810464695,1791553112913907449,
0.116909921169281,0.2333693504333496,1.1081083819211806,1791553112944544790,
0.05229330062866211,0.8038091659545898,1.0847260950727895,1791553112976311304,
-0.44825130701065063,0.06298816204071045,1.196181012528105,1791553113005825402,
-0.01712512969970703,0.24309366941452026,1.2619403514419962,1791553113033698140,
-0.47930818796157837,0.5652004480361938,1.1352569058432231,1791553113063635175,
0.173850417137146,-0.16072607040405273,1.1432836878387185,1791553113093652551,
0.49745357036590576,0.18604755401611328,1.1642414586283472,1791553113122534621,
0.05044209957122803,0.6133818030357361,1.064239347285697,1791553113153455036,
-0.13033294677734375,-0.17420756816864014,1.1282981360694075,1791553113184405174,
-0.23559564352035522,0.17133218050003052,1.1161788143527567,1791553113215878784,
0.2734786868095398,0.755192756652832,1.2633855752610053,1791553113243356596,
-0.32316428422927856,0.29632019996643066,1.1675137889465452,1791553113273806019,
-0.420434832572937,0.09633922576904297,1.1892370585234433,1791553113303198411,
-0.3165346384048462,0.5946016311645508,1.1298150171710752,1791553113333147418,
-0.41617751121520996,0.004499375820159912,1.0901285792799775,1791553113363161754,
-0.4586228132247925,-0.3838151693344116,1.0726578336211388,1791553113393199127,
-0.10308980941772461,0.6717573404312134,0.9620344548629385,1791553113424673022,
0.32041066884994507,-0.003351151943206787,0.942180598758733,1791553113456002805,
0.3224231004714966,-0.1393822431564331,1.1696678211898273,1791553113483173881,
0.9148267507553101,0.8179950714111328,1.1618383673885821,1791553113512846060,
0.5084682703018188,-0.13305944204330444,1.115729886352124,1791553113542746819,
-0.5220504999160767,0.07868421077728271,1.0988583225631265,1791553113572687176,
0.36962032318115234,0.8732166290283203,1.1036632964253161,1791553113602680409,
-0.17132806777954102,0.6038322448730469,1.0916321123870378,1791553113632867286,
-0.6076561212539673,-0.06334149837493896,1.12133035696278,1791553113664177990,
0.7746179103851318,0.6051034927368164,1.1287794987163182,1791553113695915624,
-0.6983997821807861,-0.20318645238876343,1.3244777937127372,1791553113722609488,
-0.29747819900512695,-0.07473361492156982,1.164649091549424,1791553113752427878,
0.3347399830818176,0.8814167380332947,1.150918939128839,1791553113782389844,
-0.7955371737480164,0.2455580234527588,1.1760536403544843,1791553113812279171,
0.5617164373397827,0.17721247673034668,1.1823452409560808,1791553113842334585,
0.15848439931869507,0.6447126269340515,1.1887511588287696,1791553113872388609,
-0.24343127012252808,0.3802446126937866,1.096410856357867,1791553113904047317,
0.03420954942703247,-0.17787152528762817,1.1150498320572468,1791553113934718453,
-0.2174515724182129,0.44566231966018677,1.2394608719742737,1791553113962168115,
-0.09117835760116577,0.1797603964805603,1.1346745389407,1791553113991979813,
-0.05460941791534424,0.14025115966796875,1.1286394505568107,1791553114021922086,
-0.02125793695449829,0.11640840768814087,1.1379897853753513,1791553114051834789,
-0.2523026466369629,0.292461097240448,1.1568503707876825,1791553114081841971,
0.664436399936676,0.3114011287689209,1.1382774909735793,1791553114112031001,
0.25136178731918335,0.18489724397659302,1.0994361985971857,1791553114144155835,
-0.24193155765533447,0.8266808390617371,1.2775795644233892,1791553114171780220,
0.24051779508590698,0.3960950970649719,1.13559015712699,1791553114202035390,
-0.23860573768615723,-0.12866896390914917,1.2046733479477125,1791553114230536792,
-0.20362329483032227,-0.17669469118118286,1.1287297451192413,1791553114260536787,
0.08465087413787842,0.4888423681259155,1.096935980152379,1791553114291443779,
-0.7848971486091614,0.012101411819458008,1.1727171783053065,1791553114321602013,
0.4067345857620239,0.22564101219177246,1.1718165340159399,1791553114351760041,
0.1228417158126831,0.8744271397590637,1.073194771116098,1791553114384489375,
0.13765770196914673,0.00797814130783081,1.334797393263024,1791553114411256947,
0.23758894205093384,0.1973448395729065,1.1529219921433196,1791553114441169682,
-0.11870229244232178,0.39001309871673584,1.1510316409591352,1791553114470119402,
-0.5620011687278748,0.16134744882583618,1.0764630262026675,1791553114501067699,
-0.08538085222244263,-0.029409050941467285,1.1183555869040265,1791553114531173577,
-0.17866063117980957,0.4995390772819519,1.1577284876236336,1791553114561484904,
-0.27622514963150024,0.15823519229888916,1.1753024157822276,1791553114591846639,
0.6332223415374756,-0.2150096893310547,1.0991890714790455,1791553114623532168,
0.002507328987121582,0.40562671422958374,1.275108072983276,1791553114650827648,
-0.14788049459457397,0.06391000747680664,1.1661256123503827,1791553114680774759,
0.02220553159713745,0.32177257537841797,1.1230325879497092,1791553114711488591,
-0.23012369871139526,0.4861674904823303,1.1681750047070305,1791553114741377424,
0.1239326000213623,0.8465440273284912,1.1949587265940513,1791553114770770007,
-0.24988216161727905,0.19959044456481934,1.1630824888156202,1791553114800699240,
-0.39914441108703613,-0.42614269256591797,1.0920878225185593,1791553114831916726,
-0.17259442806243896,0.2580450773239136,1.0771788299188931,1791553114863252404,
0.15231329202651978,0.7045040130615234,1.2291211435632803,1791553114891180441,
-0.2450186014175415,0.19283384084701538,1.1257751011634023,1791553114921385596,
-0.33646416664123535,-0.017263829708099365,1.1639014436141,1791553114950558014,
-0.07476085424423218,0.35749298334121704,1.183343401480183,1791553114980209957,
-0.11004465818405151,-0.018262147903442383,1.2017695915167137,1791553115010176553,
-1.0740267038345337,0.17208629846572876,1.1418591885238931,1791553115040152555,
0.9705349206924438,0.4338524341583252,1.0337646538043104,1791553115072496957,
-0.549751877784729,0.17695003747940063,1.219429291416199,1791553115100733191,
0.23227471113204956,-0.02017521858215332,1.1699529866711622,1791553115130024014,
-0.2983030080795288,0.32262521982192993,1.1574185922525262,1791553115160217274,
-0.2922667860984802,0.04354053735733032,1.187095333076638,1791553115189933113,
-0.34634339809417725,0.15591305494308472,1.1946430292152996,1791553115219800720,
0.20201373100280762,0.6435278058052063,1.1903614658057173,1791553115249744965,
-0.3500271439552307,0.4162200689315796,1.1828469461706828,1791553115279881254,
-0.3745361566543579,0.19931674003601074,1.074693187020321,1791553115312140514,
0.9095966219902039,-0.3384832739830017,1.2114137566671526,1791553115339994772,
-0.6580814123153687,0.05340760946273804,1.1480743309820982,1791553115369583817,
-0.22865742444992065,-0.12903302907943726,0.9960593407844095,1791553115392413164,
0.1359344720840454,0.306698739528656,1.2385720920144316,1791553115429446136,
-0.351887047290802,0.15299773216247559,1.1513363569335449,1791553115459390548,
0.45980048179626465,0.4984566569328308,1.1623613936205224,1791553115488548813,
-0.02965301275253296,-0.13505154848098755,1.0897225793118883,1791553115519577076,
-0.4967151880264282,-0.36555808782577515,1.0783433238207718,1791553115551952324,
0.35963618755340576,0.9312231540679932,1.2916007823083178,1791553115578165615,
0.19947093725204468,0.057940542697906494,1.1034350526781156,1791553115609116058,
-0.7708724737167358,0.2029551863670349,1.162949461823316,1791553115639053228,
0.4182639718055725,0.8824626207351685,1.177361840807543,1791553115668990016,
-0.3425189256668091,-0.07372140884399414,1.185441963235024,1791553115698960094,
0.1101347804069519,-0.4061039686203003,1.1618562079510368,1791553115728901960,
0.4975930452346802,0.4330723285675049,1.1308359075714292,1791553115760029017,
-0.7449480891227722,0.34524285793304443,1.0811762362043997,1791553115791867532,
-0.06431466341018677,0.07192832231521606,1.2820080038762138,1791553115818788090,
0.1117866039276123,0.6903400421142578,1.167423257983554,1791553115848660682,
0.28711915016174316,0.19376683235168457,1.0210389302639096,1791553115871904228,
-0.0627824068069458,-0.11339336633682251,1.2670530613941036,1791553115908589768,
0.42695605754852295,0.1496536135673523,1.1399698650063939,1791553115938563818,
-0.4292956590652466,0.4364593029022217,1.0881483971103876,1791553115969352875,
-0.42864078283309937,0.1900627613067627,1.1032630209418246,1791553115999899537,
0.18985146284103394,0.18358713388442993,1.1045616347164242,1791553116031395259,
-0.48147785663604736,-0.20140641927719116,1.2093185185275823,1791553116068322366,
0.8268417119979858,0.7733644247055054,1.161467056662433,1791553116098210440,
-0.24104845523834229,0.4029000997543335,1.1808630184207758,1791553116128250634,
0.13045519590377808,0.17169541120529175,1.0893056496656897,1791553116160289753,
-0.06694728136062622,0.7094905376434326,1.1212348653465345,1791553116190275281,
-0.3781712055206299,0.18232524394989014,1.2089647629852986,1791553116228045729,
-0.4261820316314697,0.4237930178642273,1.1308413419167456,1791553116257959797,
0.5165331959724426,0.4161030054092407,1.1453984440890497,1791553116288324109,
-0.5597228407859802,0.5423006415367126,1.1103573528724262,1791553116319907477,
0.49986958503723145,0.2582482099533081,1.2539133736312142,1791553116347817447,
-0.45282691717147827,-0.11773699522018433,1.1463396812949926,1791553116377731695,
-0.508668065071106,-0.07698929309844971,1.125444404434858,1791553116407708768,
-0.23285746574401855,0.5028880834579468,1.126099363178031,1791553116437612452,
-0.09048289060592651,0.31398409605026245,1.149359923010073,1791553116467615811,
-0.3945334553718567,0.16821753978729248,1.1906747714946069,1791553116496508191,
-0.4528200626373291,0.043213486671447754,1.068516583160039,1791553116528246980,
1.0303738117218018,0.10886633396148682,1.091112405754273,1791553116559920881,
-0.6706762909889221,0.2627929449081421,1.2578702719950887,1791553116587443327,
0.6466230154037476,0.5431634783744812,1.1302467169574235,1791553116617332246,
-0.13752710819244385,0.01643240451812744,1.1311092326406673,1791553116647282690,
-0.23323780298233032,0.473716676235199,1.138010578859006,1791553116677396115,
0.3937841057777405,0.7678701281547546,1.1695110311813655,1791553116707180140,
-0.3027456998825073,-0.22112023830413818,1.1487384256878075,1791553116737132019,
-0.7383774518966675,-0.2514762282371521,1.1219573153601987,1791553116767930906,
0.5766364336013794,0.6841025948524475,1.0551957804810688,1791553116800691636,
0.20260471105575562,0.15276646614074707,1.3124896818163618,1791553116827010007,
-0.4211638569831848,0.28564339876174927,1.1397865513683234,1791553116856861851,
0.6833676695823669,0.6491462588310242,1.1421993968107238,1791553116886867606,
-0.2927321791648865,0.42067641019821167,1.1433429561147128,1791553116916857650,
-0.06267577409744263,-0.04146301746368408,1.124381152575666,1791553116946840640,
0.41856759786605835,0.3511736989021301,1.1466972251772685,1791553116976805873,
-1.0155645608901978,0.23044389486312866,1.11535928399975,1791553117007935330,
-0.008699536323547363,0.06041526794433594,1.1156931137346262,1791553117038862322,
0.09101134538650513,0.511397123336792,1.210226118058007,1791553117066823396,
-0.13199055194854736,0.38180094957351685,1.1244109444140737,1791553117097037595,
-0.46421074867248535,0.6826329827308655,1.132452785661212,1791553117126692800,
0.8586586117744446,-0.08841729164123535,1.1298387121478266,1791553117156671790,
-0.5934344530105591,0.14299899339675903,1.125226783164599,1791553117186666407,
0.2797551155090332,0.15209496021270752,1.1437095972331217,1791553117216644785,
0.3207240104675293,0.20878827571868896,1.107115454532014,1791553117248396770,
-0.7673548460006714,0.6073853969573975,1.1377257375018701,1791553117278809333,
-0.20139741897583008,0.6022071242332458,1.2120485757273023,1791553117306756604,
0.02916616201400757,0.032536864280700684,1.1199160786378601,1791553117336565464,
0.10879892110824585,0.7405070662498474,1.0276318767230748,1791553117358352507,
-0.5081527233123779,0.36529773473739624,1.139073500485999,1791553117387436176,
-0.28784459829330444,-0.13068878650665283,1.1514768219929374,1791553117416782022,
-0.11336028575897217,0.1891273856163025,1.1886829669333125,1791553117446469078,
-0.13082349300384521,0.16961950063705444,1.1448203927929654,1791553117476565116,
0.13911521434783936,0.002630889415740967,1.1440036771087247,1791553117505812084,
0.2958248257637024,0.444125771522522,1.120210886055215,1791553117535509948,
-0.08007532358169556,0.36720550060272217,1.017199876456706,1791553117568544579,
-0.28178679943084717,0.5193143486976624,1.2315703026273703,1791553117596078166,
-0.08008301258087158,0.2724760174751282,1.121564489784529,1791553117626045518,
-0.07815462350845337,0.4972776174545288,1.149486264684802,1791553117655577195,
0.03192323446273804,0.347806453704834,1.1866306437087863,1791553117685791985,
-0.3624294400215149,0.34522539377212524,1.1748533001013117,1791553117715812721,
0.5019561648368835,0.6252512335777283,1.1269444568189142,1791553117745476445,
0.030902624130249023,-0.23658841848373413,1.122919165001678,1791553117776125397,
-0.3927351236343384,-0.15102171897888184,1.082904613447428,1791553117807996267,
0.3504592776298523,0.8586609959602356,1.235901400674825,1791553117835420193,
-0.2620195746421814,0.31797176599502563,1.163389520883209,1791553117864561470,
-0.3856412172317505,0.39487510919570923,1.1513566295269,1791553117895085262,
0.39543718099594116,0.8602030873298645,1.1759104208404383,1791553117925082311,
0.04572856426239014,-0.07878106832504272,1.1708560525039124,1791553117954961651,
-0.636499285697937,-0.2924824357032776,1.1512420715796094,1791553117985051807,
0.7589547634124756,0.2878186106681824,1.0915212754309942,1791553118016456474,
-0.039234697818756104,0.5800684690475464,1.0935031864626779,1791553118048383519,
-0.4082377552986145,0.024297118186950684,1.2869284196272246,1791553118074917453,
0.4143565893173218,0.5679366588592529,1.170172637576588,1791553118104710737,
-0.3921860456466675,0.5223401784896851,1.1693617986702474,1791553118134665031,
0.2523706555366516,0.5483825206756592,1.1556877995366428,1791553118164644406,
-0.17084074020385742,-0.03106069564819336,1.1518570836412645,1791553118194557590,
-0.6673414707183838,0.17541491985321045,1.1433443969785737,1791553118224609102,
0.15561342239379883,0.18295419216156006,1.1066061044032325,1791553118287246063,
-0.522436261177063,0.37056851387023926,1.2631735091958436,1791553118314805399,
0.43562090396881104,0.38628530502319336,1.1801489428827936,1791553118344249594,
-0.06987220048904419,-0.3942265510559082,1.2115107926815216,1791553118374238827,
-0.5279711484909058,0.23450332880020142,1.180299467761302,1791553118404175315,
1.41331148147583,0.8000986576080322,1.1531903981883025,1791553118434119042,
-0.664359986782074,0.22543185949325562,1.1344365806097028,1791553118464656998,
-0.6269324421882629,0.18546932935714722,1.059273885418607,1791553118496382353,
0.4935668110847473,0.830164909362793,1.0944314258047416,1791553118526071768,
-0.6172783970832825,0.06793361902236938,1.1516598961113096,1791553118554839169,
-0.22791612148284912,0.13144755363464355,1.1547639462458206,1791553118583896876,
0.06496131420135498,0.6675221920013428,1.1293375986003231,1791553118613843647,
-0.3421976566314697,0.04607897996902466,1.1567409279132586,1791553118643768563,
0.06420111656188965,0.32748448848724365,1.1462287554449997,1791553118673909182,
0.4762879014015198,0.20730143785476685,1.1052770111332275,1791553118704703912,
-0.7947470545768738,0.0736919641494751,1.096444382140402,1791553118736216907,
-0.19593864679336548,0.05568671226501465,1.2345530498010673,1791553118763996831,
0.021135926246643066,0.47320806980133057,1.178483118917082,1791553118793722475,
-0.6460753679275513,0.5225289463996887,1.1665763831293325,1791553118823489236,
0.34592294692993164,0.4522555470466614,1.1492870468740393,1791553118853607567,
-0.25336140394210815,0.32350295782089233,1.213940961438559,1791553118882386248,
0.08296728134155273,0.03436833620071411,1.1110497126053076,1791553118913596990,
0.409138023853302,0.5186888575553894,1.1081987665691941,1791553118944599521,
-0.5525301098823547,-0.29146498441696167,1.1037519309541426,1791553118975508144,
-0.5947490930557251,0.19980579614639282,1.2493136148569066,1791553119003185479,
0.18300235271453857,0.8515027165412903,1.1941687816846618,1791553119032514740,
-0.5058099031448364,0.37675201892852783,1.1373443198115578,1791553119063048264,
0.15012472867965698,0.275276243686676,1.136807287914191,1791553119092994579,
0.09599792957305908,0.3255552053451538,1.17590271350982,1791553119122878913,
-0.6872521042823792,-0.1064072847366333,1.1654031142826862,1791553119152860122,
0.21247512102127075,-0.32169008255004883,1.0732041383498923,1791553119184265899,
0.49157482385635376,0.8544642329216003,1.0639736227032799,1791553119216002910,
-0.24421238899230957,0.3692152500152588,1.324393094441534,1791553119242748527,
0.09356629848480225,0.3301772475242615,1.1715515866218131,1791553119272695798,
-0.012338638305664062,0.4638000726699829,1.1442051982105066,1791553119302613852,
-0.43785375356674194,-0.12131232023239136,1.1223642441160389,1791553119332574448,
0.06600439548492432,0.03498440980911255,1.1204479936621006,1791553119362719450,
-0.18344366550445557,0.41742080450057983,1.1675371908070151,1791553119392482796,
-0.2632535696029663,0.499691903591156,1.0989886502002821,1791553119424095458,
0.48472315073013306,0.011710047721862793,1.1285652717322887,1791553119454841318,
0.011357545852661133,0.34154683351516724,1.2648939717075431,1791553119482382592,
-0.08842486143112183,0.26593512296676636,1.1785340402399767,1791553119512256019,
0.1852954626083374,0.370718777179718,1.1448644157863874,1791553119542130190,
-0.06588834524154663,0.394275426864624,1.1205245307531444,1791553119572147563,
-0.10536175966262817,0.10014563798904419,1.127594773969546,1791553119602115766,
-0.19116824865341187,0.14155322313308716,1.0685743058221129,1791553119632662734,
-0.38798385858535767,0.2538968324661255,1.0285867963586277,1791553119664784174,
0.04317659139633179,0.06236904859542847,1.2586091641532626,1791553119691976470,
0.3428024649620056,0.4826921820640564,1.1385747077383097,1791553119722104762,
0.013555407524108887,0.35927003622055054,1.181138302309033,1791553119751871872,
-0.03600311279296875,0.28299468755722046,1.162231012652091,1791553119781924646,
0.15981268882751465,0.5091838240623474,1.1391235602197978,1791553119811731022,
-0.338883638381958,8.100271224975586e-05,1.1343410671865977,1791553119841663705,
0.12453663349151611,0.3362577557563782,1.0929410668757582,1791553119872479775,
-0.3291744589805603,0.4903077483177185,1.0538986825167178,1791553119904482024,
-0.5022645592689514,-0.6032086610794067,1.2733018755349055,1791553119931633022,
0.24004846811294556,-0.06326150894165039,1.1588849877399818,1791553119961395944,
0.18124085664749146,0.7227238416671753,1.2112995643379956,1791553119990410061,
-0.00733417272567749,0.5498757362365723,1.1328914874732698,1791553120021273644,
0.21301132440567017,0.19879841804504395,1.1315850533263672,1791553120051281257,
-0.24973750114440918,0.48609650135040283,1.1449187879784986,1791553120081232747,
-0.10781842470169067,0.03309822082519531,1.104167639914694,1791553120112363571,
0.38769084215164185,-0.04996669292449951,1.079682012503501,1791553120144881874,
-0.6953956484794617,0.6754833459854126,1.3275365866869286,1791553120171597699,
0.5123003125190735,0.1913740038871765,1.178209862886455,1791553120201037797,
-0.2818450927734375,0.3142790198326111,1.1195313292257807,1791553120231336730,
0.21803033351898193,0.07491284608840942,1.12804305458331,1791553120261647177,
-0.29059261083602905,0.17636120319366455,1.1631852765175532,1791553120290982717,
0.562968373298645,-0.1628631353378296,1.1472841401885494,1791553120320851925,
-0.12748277187347412,0.39300549030303955,1.129354577413407,1791553120352595040,
0.42818063497543335,0.5022300481796265,1.1566029843826906,1791553120383792578,
-0.2992878556251526,0.36887288093566895,1.2727056622326098,1791553120410773784,
-0.28397971391677856,0.4440871477127075,1.1202852863034602,1791553120440722492,
0.4616827964782715,0.22902053594589233,1.143490072837133,1791553120470931692,
0.11155974864959717,0.9673767685890198,1.1285709831344437,1791553120500742409,
0.005138993263244629,0.5421990156173706,1.1131926133115164,1791553120530898138,
-0.7597589492797852,0.0008347630500793457,1.1515470236583891,1791553120560863308,
0.6620445251464844,0.6548255681991577,1.1312113088747586,1791553120592113271,
-0.7734137177467346,0.1760331392288208,1.294614210947164,1791553120619606190,
0.02594226598739624,-0.3779604434967041,1.1294080030854807,1791553120650253663,
0.17377668619155884,0.5912187695503235,1.1310696564555296,1791553120680145139,
0.045366108417510986,0.2859858274459839,1.1248474946613998,1791553120710067505,
-0.5003503561019897,0.24011224508285522,1.131098556356922,1791553120740059674,
0.33211034536361694,0.18970632553100586,1.1055414846447462,1791553120770184641,
-0.3610978126525879,0.07391190528869629,1.1637778199771092,1791553120800145752,
-0.16270720958709717,0.15766435861587524,1.077858396433883,1791553120832825893,
-0.4404306411743164,0.32518821954727173,1.2558169986731054,1791553120869834573,
-0.1443883776664734,0.42590808868408203,1.1553540989583462,1791553120899744345,
0.7205451726913452,0.36039286851882935,1.1437117193992483,1791553120930027912,
-0.7550550103187561,-0.30467164516448975,1.1206457299365449,1791553120960631256,
0.20867496728897095,-0.3132215142250061,1.0698176913765225,1791553120992282593,
-0.05369973182678223,0.765084981918335,1.2561996276068528,1791553121019626223,
-0.11994755268096924,0.4222569465637207,1.1972329083462736,1791553121049468043,
0.45531803369522095,0.30665403604507446,1.2129034689221845,1791553121078430942,
0.4422360062599182,0.5677547454833984,1.1070458789131339,1791553121109380909,
-0.5911419987678528,-0.1424041986465454,1.1573206873131074,1791553121139322743,
-0.12285250425338745,-0.209275484085083,1.1270506005304426,1791553121169295559,
0.470906138420105,0.6034179329872131,1.1008705394521312,1791553121200266754,
-0.6790408492088318,0.28239238262176514,1.0585328146480135,1791553121232611597,
0.1618853211402893,-0.12135398387908936,1.2759038150690158,1791553121259207515,
-0.1727345585823059,0.473036527633667,1.1479141978924854,1791553121289089231,
-0.25620853900909424,0.34757429361343384,1.1603495577446719,1791553121318993928,
0.6700297594070435,-0.06383538246154785,1.1372058648153718,1791553121349018699,
-0.6831087470054626,0.1637457013130188,1.1401214420710257,1791553121378947055,
-0.28278297185897827,0.18447595834732056,1.1311080204176842,1791553121409457727,
-0.24560844898223877,0.3537670373916626,1.096031265805229,1791553121440734712,
1.0162203311920166,0.19910705089569092,1.1358505559275713,1791553121472075285,
-0.7978851795196533,-0.10856938362121582,1.3000669985907762,1791553121508741422,
0.18762809038162231,0.32117098569869995,1.1451713876746208,1791553121538637796,
0.007262051105499268,0.39584988355636597,1.118817744373382,1791553121568625864,
-0.19020920991897583,0.16874563694000244,1.0579792751855523,1791553121600815721,
-0.4894448518753052,0.5986401438713074,1.0846657443667085,1791553121631334605,
0.16750270128250122,-0.11903655529022217,1.2239431001029426,1791553121658404194,
-0.05514883995056152,0.040639400482177734,1.1343946346512972,1791553121688375994,
-0.4719403386116028,0.6622274518013,1.157070349965548,1791553121718272754,
0.3946921229362488,0.26058900356292725,1.1659193488199175,1791553121748279848,
-0.5766420364379883,0.20277875661849976,1.1576261354293094,1791553121778189627,
0.6132592558860779,0.30401742458343506,1.1437198727835218,1791553121808241706,
0.24867886304855347,0.3119879364967346,1.0655891116307603,1791553121840077577,
-0.6712816953659058,-0.04130011796951294,1.1950301534385452,1791553121868110658,
-0.4316379427909851,0.24873632192611694,1.1257246802264682,1791553121898077223,
0.31555962562561035,0.14777278900146484,1.1919865479483958,1791553121927933474,
-0.6003735065460205,0.4649472236633301,1.1714797753665596,1791553121957876790,
0.3678951859474182,0.252491295337677,1.1483305477903798,1791553121987839950,
-0.09602522850036621,0.4670602083206177,1.1732080097883897,1791553122017832133,
-0.3876740336418152,0.3717919588088989,1.1200025567543004,1791553122048614815,
0.277626097202301,-0.12263840436935425,1.0863068026440676,1791553122080168711,
-0.4622974395751953,0.2784687280654907,1.230324393043563,1791553122107727752,
-0.31866705417633057,0.2543773651123047,1.1870765025094445,1791553122136538803,
-0.1696031093597412,0.21281534433364868,1.139908273289613,1791553122166503469,
0.44052183628082275,0.3018823266029358,1.0876907988857691,1791553122197477905,
-0.7622413635253906,0.26611828804016113,1.1361036133375695,1791553122227389635,
0.5228819847106934,0.18021947145462036,1.1545721687220178,1791553122257374305,
-0.4369596242904663,0.08674824237823486,1.1002623724923721,1791553122288459237,
-0.34890973567962646,0.6507817506790161,1.052114740175211,1791553122320361286,
0.19093745946884155,0.16121912002563477,1.3011891038354062,1791553122347294324,
-0.7477166652679443,0.2425452470779419,1.1704505952617128,1791553122377124958,
0.06245720386505127,0.45666295289993286,1.1520068198642561,1791553122407166640,
-0.25143247842788696,0.2204781174659729,1.1287793576097056,1791553122437093598,
-0.13112801313400269,-0.0989081859588623,1.1405518873871374,1791553122467119767,
-0.12035709619522095,0.2726483941078186,1.161707894587005,1791553122497099338,
-0.10993891954421997,0.26265227794647217,1.0921573632088322,1791553122528219456,
-0.20673096179962158,-0.07361966371536255,1.0653589761918734,1791553122560362155,
0.1760941743850708,0.7621456384658813,1.3012440619247616,1791553122587190308,
0.6446574330329895,0.60610431432724,1.1934635746741427,1791553122616928290,
-0.9843062162399292,-0.09700798988342285,1.1481314218186682,1791553122647029379,
0.9495096206665039,0.045120179653167725,1.118819877994333,1791553122676928075,
-0.6117361187934875,0.35036957263946533,1.105774340882709,1791553122706855221,
-0.7542034387588501,-0.1383603811264038,1.0930395140117206,1791553122736899794,
0.13996058702468872,0.5249801278114319,1.0612030285042777,1791553122768232422,
-0.49437546730041504,0.44603240489959717,1.1246132180662718,1791553122798661326,
-0.47935324907302856,0.5160470008850098,1.2196935913715024,1791553122826815518,
0.3018392324447632,-0.06375271081924438,1.1627648971523723,1791553122856857979,
0.12814033031463623,0.10231548547744751,1.1661125731336348,1791553122886795480,
-0.2626318335533142,0.279339075088501,1.134988417749646,1791553122916858269,
0.22728753089904785,0.3227551579475403,1.1325555803450296,1791553122946755929,
-0.21663212776184082,0.818755030632019,1.124266925306173,1791553122976823107,
-0.311245858669281,0.6513673067092896,1.0759376103561442,1791553123008727706,
-0.31556469202041626,-0.11041879653930664,1.277953411877548,1791553123036095584,
-0.8350696563720703,-0.06795066595077515,1.1693686560178937,1791553123065975717,
0.35284698009490967,0.32496345043182373,1.1521522390350663,1791553123095978891,
0.23785442113876343,0.08447885513305664,1.1412740391796168,1791553123125833664,
-0.02875375747680664,0.13986611366271973,1.1639547788080995,1791553123156017017,
-0.28463923931121826,1.0406129360198975,1.1613651078145746,1791553123185855654,
0.33648812770843506,0.13377797603607178,1.076113607856907,1791553123216975313,
-0.8651720285415649,0.09105038642883301,1.0623540617624212,1791553123248558020,
0.4211009740829468,0.5700469017028809,1.27146789621022,1791553123276474102,
-0.7302625179290771,0.9509596824645996,1.16138973301912,1791553123306136977,
0.7250962257385254,0.24106913805007935,1.1407821970655698,1791553123335569300,
-0.43906211853027344,0.17182612419128418,1.1536638538896147,1791553123364591212,
-0.29661887884140015,0.12504249811172485,1.1071929066369446,1791553123395374349,
0.08031368255615234,0.2601050138473511,1.1463937403543263,1791553123425331881,
-0.34529298543930054,0.2688748836517334,1.0793108712496953,1791553123457400388,
-0.17683106660842896,0.39114803075790405,1.1526347106025117,1791553123488322747,
-0.4094204902648926,0.6807012557983398,1.3129212420073275,1791553123515199778,
0.5016677975654602,0.1357419490814209,1.1685278128617218,1791553123545116791,
-0.5075677037239075,0.091575026512146,1.1637080570897846,1791553123575034372,
0.40812379121780396,0.2471681833267212,1.1434134492986692,1791553123605028008,
-0.207566499710083,0.11718142032623291,1.1343798377844039,1791553123634976459,
-0.46175616979599,0.20162475109100342,1.1384345923742347,1791553123664892658,
0.024735867977142334,0.8989357948303223,1.0579878000952727,1791553123696562966,
-0.7295938730239868,0.10720700025558472,1.0892739964009064,1791553123727799527,
0.6031846404075623,0.37866145372390747,1.3079878913454241,1791553123755070075,
-0.6003625988960266,0.6146131753921509,1.188507270541437,1791553123784713729,
0.0019935965538024902,-0.18443995714187622,1.1700183956630876,1791553123814633765,
-0.22466576099395752,-0.14109188318252563,1.135621631625712,1791553123844606330,
0.8372570872306824,0.39256900548934937,1.0736240474965684,1791553123874850891,
-0.2724415063858032,0.275479793548584,1.1062341346124231,1791553123904915117,
-0.1287456750869751,0.3731292486190796,1.033142881991134,1791553123936930583,
-0.19780045747756958,0.6611002683639526,1.1439311545110276,1791553123966776598,
-0.3675473928451538,0.032459378242492676,1.2337365843090822,1791553123994868023,
0.7262653708457947,0.13019442558288574,1.1819186209574473,1791553124024298106,
-0.1986280083656311,0.6246940493583679,1.1600814007790579,1791553124054232480,
-0.31019723415374756,0.21970611810684204,1.1116304638230197,1791553124084298281,
0.05971693992614746,0.3240504860877991,1.1180263621512945,1791553124114124511,
-0.13415110111236572,0.0670965313911438,1.110148918593233,1791553124144728585,
-0.45571523904800415,0.2576623558998108,1.0701039184395467,1791553124176479378,
0.5153961181640625,0.30985796451568604,1.231360061250251,1791553124204072207,
-0.0009046196937561035,0.13195055723190308,1.1644253277241545,1791553124234248440,
0.21577274799346924,0.520561695098877,1.1715745052502389,1791553124264026927,
0.1068151593208313,0.2670314908027649,1.150920453183276,1791553124293818676,
-0.6741030812263489,0.4466099143028259,1.1466802968213388,1791553124323706667,
-0.23807764053344727,0.17925351858139038,1.1429348862199527,1791553124353781720,
0.05163443088531494,0.46874529123306274,1.1290741066298977,1791553124383915275,
-0.49943339824676514,-0.11126190423965454,1.028977441829213,1791553124416822340,
0.0824010968208313,0.212651789188385,1.2681088656559412,1791553124443820506,
0.05985426902770996,0.7457590699195862,1.1661233118987435,1791553124473602621,
0.0063037872314453125,0.2503899931907654,1.1860087017295313,1791553124503369608,
0.42766255140304565,0.6071215271949768,1.1435933022442348,1791553124533402800,
-0.32503658533096313,0.32671183347702026,1.1159526525360297,1791553124563334137,
-0.5735519528388977,-0.7608081102371216,1.1492660152977188,1791553124593271164,
0.17056620121002197,-0.16051417589187622,1.1182867820976792,1791553124624822797,
-0.18793457746505737,1.2337543964385986,1.0927064599955758,1791553124656264859,
-0.08008509874343872,0.420207142829895,1.2526732847393927,1791553124683175524,
-0.09187829494476318,0.21010661125183105,1.1451352640316077,1791553124713111804,
-0.33227354288101196,0.5989033579826355,1.1415521075831028,1791553124743216666,
0.18418455123901367,0.14830678701400757,1.1645184402842306,1791553124772950509,
0.07307249307632446,-0.059296250343322754,1.1406466391924421,1791553124802930247,
-0.3672026991844177,0.528289258480072,1.1473540076135496,1791553124832846787,
0.28862929344177246,0.31360334157943726,1.0823017805507058,1791553124864892977,
-0.5601237416267395,0.10055434703826904,1.115474925485042,1791553124895896555,
0.1302194595336914,0.2246929407119751,1.2895341365245758,1791553124922501562,
-0.08301514387130737,0.09386849403381348,1.1778552242292635,1791553124951649934,
-0.046136558055877686,0.002182185649871826,1.1006887535203207,1791553124982563563,
-0.25107961893081665,0.7252018451690674,1.1680692662281775,1791553125011503356,
0.3595121502876282,0.2546667456626892,1.100090890443142,1791553125042717531,
-0.2699480652809143,0.1786942481994629,1.1616201124345524,1791553125072410608,
-0.013271510601043701,0.24656832218170166,1.0847195675196764,1791553125104907676,
-0.04857915639877319,0.6618264317512512,1.2851330834310277,1791553125132404640,
0.05490922927856445,0.221790611743927,1.1781314092918045,1791553125162201175,
-0.4186684489250183,-0.3438186049461365,1.1695488660461835,1791553125192209334,
0.01608806848526001,0.27654629945755005,1.1289131829374874,1791553125222137384,
-0.5196397304534912,0.5098558664321899,1.131370720131898,1791553125252083991,
-0.06265228986740112,-0.03943073749542236,1.1158655043179304,1791553125282289915,
0.5346344113349915,0.21223974227905273,1.1015536069883927,1791553125312975016,
-0.29937905073165894,0.5528777837753296,1.0910424412632012,1791553125345084202,
0.4616348147392273,0.06517177820205688,1.2574747230925414,1791553125372670189,
-0.06809782981872559,0.05118483304977417,1.1456923725931945,1791553125402082415,
-0.10851675271987915,0.5609825253486633,1.1363932202100333,1791553125431790953,
0.15647578239440918,0.19661951065063477,1.1526056065932284,1791553125461749268,
-0.6630929708480835,0.19329959154129028,1.135076892157321,1791553125491672803,
-0.3274828791618347,0.524018406867981,1.152114047580123,1791553125521689970,
0.29018503427505493,-0.07555210590362549,1.1451698695165429,1791553125552429931,
0.21017473936080933,-0.36122965812683105,1.0556708618877444,1791553125585111947,
0.16578400135040283,0.6428253650665283,1.2699145868059065,1791553125611967388,
0.34036123752593994,0.37026941776275635,1.1493618748879286,1791553125641589209,
-0.475369930267334,0.43169015645980835,1.1357778618939118,1791553125671341014,
0.45997893810272217,0.40395402908325195,1.1739814005415592,1791553125701316977,
-0.24653780460357666,0.41256046295166016,1.1955567604414528,1791553125731303894,
-0.8063564300537109,-0.36444324254989624,1.1861180375361702,1791553125761184288,
0.8368029594421387,0.09852856397628784,1.0988783768521444,1791553125792383481,
-0.16297781467437744,0.3618008494377136,1.0781970638688037,1791553125824023848,
-0.13586115837097168,0.12303000688552856,1.2645208316848968,1791553125851110808,
0.17130446434020996,0.6472544074058533,1.1320793846105355,1791553125881016990,
0.3359243869781494,0.3297501802444458,1.1431212803726154,1791553125910953750,
-0.6256150007247925,0.5120248794555664,1.13249510274813,1791553125940960427,
0.9558011889457703,-0.07861828804016113,1.175633876815056,1791553125970934578,
-0.8744267225265503,0.2207288146018982,1.1646017520562042,1791553126000860795,
-0.12032389640808105,0.268202006816864,1.0950460102126935,1791553126032359839,
-0.6965744495391846,-0.15465009212493896,1.119531932140054,1791553126062728105,
0.05009955167770386,-0.2601820230484009,1.2042874722584982,1791553126090803698,
0.3656325340270996,0.6080849170684814,1.1404638038713775,1791553126120702909,
-0.6545116305351257,0.34959888458251953,1.155744233699125,1791553126150631794,
0.2820124626159668,0.22374624013900757,1.2060125174031517,1791553126179574596,
0.0852232575416565,0.5658065676689148,1.1242875482964745,1791553126210376968,
-0.24393373727798462,0.3266797661781311,1.1584213022391285,1791553126240768880,
-0.03509557247161865,-0.0028154850006103516,1.0640782184090223,1791553126273133661,
0.5173195004463196,-0.09732067584991455,1.2703999688687693,1791553126300292890,
-0.5945127010345459,0.3443452715873718,1.1517538366765407,1791553126330176466,
0.2028980851173401,0.07549244165420532,1.1351113995887017,1791553126360072157,
-0.3878088593482971,0.4196197986602783,1.1443789124276675,1791553126390082967,
-0.0023775100708007812,0.4350700378417969,1.1569786204951318,1791553126420041497,
0.5808549523353577,0.43569356203079224,1.1771886471426702,1791553126449958009,
-0.711607038974762,-0.09352737665176392,1.1146420822384433,1791553126480757039,
-0.14184939861297607,-0.03642755746841431,1.0778609014781901,1791553126512594945,
0.07339674234390259,0.44752877950668335,1.2435848006521668,1791553126539836637,
0.15595334768295288,0.21635043621063232,1.1633398707956304,1791553126569780809,
-0.44029515981674194,0.5208045840263367,1.1646444489411263,1791553126599657770,
0.35128432512283325,0.2932654023170471,1.1390491188915377,1791553126629631128,
-0.6070339679718018,-0.41577714681625366,1.1685227121605488,1791553126659585036,
-0.015684664249420166,-0.25645846128463745,1.2274942831588513,1791553126688504880,
0.510198712348938,0.5095841884613037,1.0650348641672005,1791553126721076241,
-0.8803057670593262,0.4386593699455261,1.0722967140621784,1791553126752545775,
0.18007642030715942,0.2964246869087219,1.25630563207872,1791553126779374141,
-0.16798096895217896,0.5586243867874146,1.139804361463268,1791553126809301436,
-0.10665011405944824,0.4988856315612793,0.9803154301664406,1791553126832755235,
-0.006422698497772217,0.21249336004257202,1.2898579428553076,1791553126869180159,
0.1748969554901123,0.41594570875167847,1.167270915916924,1791553126899184544,
-0.29689717292785645,-0.1724870204925537,1.174416150793913,1791553126929094642,
0.025062739849090576,0.28283506631851196,1.0793323431138695,1791553126961064710,
0.4159505367279053,0.2168770432472229,1.0558245843641711,1791553126992458212,
-0.6077023148536682,0.09157991409301758,1.2608885806903798,1791553127018980126,
0.11864292621612549,0.1144951581954956,1.1425126844931772,1791553127048893650,
-0.10672914981842041,0.5952699184417725,0.9968506811998372,1791553127072228595,
0.08027726411819458,0.09177970886230469,1.2798570206520175,1791553127108796078,
-0.15771812200546265,0.32176756858825684,1.204592592317675,1791553127137777954,
0.05251753330230713,0.3148984909057617,1.0951870814404518,1791553127169029719,
0.07094049453735352,0.34289711713790894,1.0977355746282667,1791553127200424445,
0.034674882888793945,0.3008841872215271,1.1003823136318527,1791553127231223026,
-0.33212536573410034,0.3007751703262329,1.2644197615512973,1791553127267502370,
-0.15920746326446533,0.21309375762939453,1.1236334070755487,1791553127298493112,
-0.30851811170578003,0.5310685634613037,1.1439477798023994,1791553127328439945,
0.11340665817260742,0.2356884479522705,1.0402795741464177,1791553127360882797,
-0.0077855587005615234,-0.11981421709060669,1.255423569082414,1791553127388314223,
-0.21400010585784912,0.4753209352493286,1.1363541176804015,1791553127418243661,
0.46368926763534546,0.32970887422561646,1.1366112292514414,1791553127448145926,
-1.1452282667160034,0.20863360166549683,1.1213987360081457,1791553127478172381,
0.16973882913589478,0.31639188528060913,1.1303566196579355,1791553127508090451,
-0.2927132844924927,0.02462059259414673,1.1566181636999897,1791553127538053483,
-0.2781505584716797,0.1525484323501587,1.1268299749290855,1791553127568479402,
0.12020760774612427,0.40946030616760254,1.0951509931284518,1791553127600453317,
-0.34768420457839966,-0.0053795576095581055,1.2426416370589233,1791553127627849184,
-0.34388434886932373,-0.050602614879608154,1.1310666613384026,1791553127657852376,
0.09985488653182983,0.6999136209487915,1.1575455796590854,1791553127687742658,
0.09608018398284912,0.5823389291763306,1.1403924187446313,1791553127717702691,
-0.6914747953414917,0.29731494188308716,1.1217425101938947,1791553127747664530,
-0.08693850040435791,-0.2239917516708374,1.1797658431969194,1791553127777631790,
-0.4900311231613159,0.30742722749710083,1.1357501445155402,1791553127808983511,
-0.5684836506843567,0.16886001825332642,1.0880547057286394,1791553127840735837,
0.27214765548706055,0.030604004859924316,1.2601980261764563,1791553127867497827,
-0.5534611344337463,0.4288225769996643,1.1395550382053379,1791553127897406426,
-0.23871606588363647,0.41153818368911743,1.1368017741967673,1791553127927368275,
0.2688811421394348,0.18510210514068604,1.1394737906369192,1791553127957430163,
0.09367096424102783,-0.19639182090759277,1.1636796203401356,1791553127987340379,
0.1474955677986145,0.8391609191894531,1.130101738078031,1791553128017390876,
-0.023165583610534668,0.021105408668518066,1.0948682343352854,1791553128048488861,
-0.4362914562225342,0.2104969620704651,1.0636570313246074,1791553128080485340,
-0.20742744207382202,0.8890824913978577,1.245960232213908,1791553128107450973,
-0.011325657367706299,-0.058795928955078125,1.1576768878404462,1791553128137177536,
-0.45590323209762573,-0.012031197547912598,1.1411818715496402,1791553128167217263,
0.14758974313735962,0.46051114797592163,1.140202226957421,1791553128197225130,
0.06498563289642334,-0.02479720115661621,1.1553610644739964,1791553128227120067,
-0.08482098579406738,-0.026072382926940918,1.1593881365116585,1791553128257214365,
-0.07173383235931396,0.8279140591621399,1.0724908105632562,1791553128288777959,
0.2609861493110657,0.5405095219612122,1.1076064987954808,1791553128318652123,
-0.6000667214393616,-0.05259960889816284,1.1823756519709652,1791553128347142239,
0.2776169776916504,0.48716026544570923,1.1307693990452456,1791553128377132863,
-0.3845379948616028,0.17906427383422852,1.1448458864820312,1791553128407048729,
-0.9105690121650696,-0.23655658960342407,1.1306623885882623,1791553128437131434,
0.652472734451294,0.620572030544281,1.1746854883977709,1791553128467028138,
-0.018657326698303223,0.5569670796394348,1.1262479886743693,1791553128497102648,
-0.5464804768562317,0.2836873531341553,1.0908108760970823,1791553128527507486,
0.3066781163215637,0.29147326946258545,1.1776010384408404,1791553128556282383,
-0.5011406540870667,0.21927690505981445,1.1439836596985435,1791553128586189216,
-0.1060073971748352,-0.03636199235916138,1.1343997538832362,1791553128616225121,
0.6625695824623108,0.17285990715026855,1.1976063162579038,1791553128646089007,
-0.40547865629196167,0.6834088563919067,1.1722299254021449,1791553128676123433,
-0.3182479739189148,0.5744881629943848,1.1333086684723597,1791553128706043751,
0.2346898913383484,0.09678858518600464,1.108307203437261,1791553128736944771,
-0.5294469594955444,0.3586503863334656,1.060474509705591,1791553128768897858,
-0.24738138914108276,0.23289835453033447,1.2427353498512674,1791553128795923850,
-0.7479525208473206,0.5671471953392029,1.1263696606965679,1791553128826046772,
0.3781588673591614,0.23047953844070435,1.1574176463993207,1791553128855902494,
-0.6037003397941589,0.7648667693138123,1.165208033474417,1791553128885686640,
-0.557483434677124,-0.29718613624572754,1.1760763408659387,1791553128915736169,
-0.0682600736618042,-0.1645236611366272,1.1792785131172738,1791553128945601547,
0.2944806218147278,0.6628062725067139,1.1111584167283914,1791553128976680475,
-0.18369770050048828,0.3889438509941101,1.134006443097394,1791553129007509623,
-0.18109840154647827,0.35638028383255005,1.2310430375798869,1791553129035486958,
0.7644349932670593,0.19698262214660645,1.1303048963747835,1791553129065318527,
-0.5393115282058716,0.09017777442932129,1.1248476103480518,1791553129095362480,
0.47445815801620483,0.21335911750793457,1.1775609258332609,1791553129125233577,
-0.4494016170501709,0.42675602436065674,1.1898512187759298,1791553129155409988,
-0.4459419250488281,0.41833460330963135,1.166938046439051,1791553129185659272,
0.1981046199798584,0.49092286825180054,1.1040857651297253,1791553129217080586,
-0.13544124364852905,0.2665054202079773,1.0967648155112728,1791553129248193668,
-0.13427215814590454,0.241102397441864,1.2325315813986941,1791553129275916429,
0.0456201434135437,0.4565845727920532,1.1481461562092177,1791553129305058634,
-0.23475849628448486,-0.27225178480148315,1.1532089785621331,1791553129334876621,
0.27394479513168335,0.2700445055961609,1.1633015963215678,1791553129364978693,
0.028847157955169678,0.673911988735199,1.162867688338253,1791553129394947492,
-0.3470507860183716,0.15492630004882812,1.1311728597820716,1791553129424732166,
0.18526536226272583,0.1500886082649231,0.9900756233648178,1791553129457850545,
-0.28218477964401245,0.699557363986969,1.1100871125358203,1791553129487828644,
-0.3478009104728699,0.2798047661781311,1.2231352169974854,1791553129514672168,
-0.0018770694732666016,-0.06723058223724365,1.1076520251716233,1791553129544482659,
-0.10152953863143921,0.6424466371536255,1.1649455345719102,1791553129573540783,
0.22257322072982788,0.11342322826385498,1.1359203120551957,1791553129604364387,
0.23719924688339233,0.38325995206832886,1.1862911011552817,1791553129633656326,
-0.33661001920700073,0.6663464903831482,1.0969863811579066,1791553129665137943,
-0.4512213468551636,-0.0083121657371521,1.1126149814503914,1791553129696850548,
0.15256214141845703,-0.1769629716873169,1.264764495735439,1791553129724252895,
-0.4205320477485657,0.6585471630096436,1.1463618895370902,1791553129754168757,
-0.2268182635307312,0.5433114767074585,1.148778104497736,1791553129784086236,
0.40155529975891113,0.27166813611984253,1.1479594755473757,1791553129814090767,
-0.6899335980415344,0.4432827830314636,1.1615910650541867,1791553129844005989,
0.5923557281494141,0.2832637429237366,1.1557087219106477,1791553129873994269,
-0.10291624069213867,0.128432035446167,1.1024693810413444,1791553129905002007,
-0.16972333192825317,-0.002705693244934082,1.0729356043292502,1791553129936730438,
0.2012048363685608,0.43593084812164307,1.2614047509971769,1791553129964263809,
-0.38194674253463745,0.39827024936676025,1.164130802050669,1791553129993949011,
-0.022336721420288086,0.662490963935852,1.1476538402967782,1791553130023873858,
-0.06881064176559448,0.40611976385116577,1.1708909230901827,1791553130053601151,
-0.2598017454147339,0.12175178527832031,1.1476968420959177,1791553130083573393,
-0.38043367862701416,-0.10501670837402344,1.1675670873660904,1791553130112520726,
0.5669223070144653,0.20156913995742798,1.0401768800182598,1791553130145163382,
-0.017971038818359375,0.8127244710922241,1.0771750196350172,1791553130176811453,
0.043147146701812744,0.23279619216918945,1.272306292653306,1791553130203964577,
-0.1364617943763733,0.5851999521255493,1.1825628673440831,1791553130233294854,
-0.5647481679916382,0.47683483362197876,1.1625693717690062,1791553130263247509,
-0.11434084177017212,-0.2116086483001709,1.1598974361433485,1791553130293213953,
-0.4286460876464844,0.05376613140106201,1.1482086067104376,1791553130323109216,
0.14173078536987305,0.41736072301864624,1.1358839899863007,1791553130353115201,
-0.18987131118774414,0.5643591284751892,1.0655674142850695,1791553130384994117,
0.14611393213272095,-0.14179468154907227,1.133494038005626,1791553130415230612,
-0.06287211179733276,0.5346205830574036,1.2497050632480966,1791553130442281112,
-0.18042105436325073,0.2312602400779724,1.1249475229130164,1791553130472837120,
0.10273545980453491,0.13061219453811646,1.0557876269108384,1791553130494959346,
0.31345444917678833,0.7818896770477295,1.2378952322117964,1791553130523242669,
0.00033587217330932617,0.08375442028045654,1.1594759387958768,1791553130553307886,
0.3751067519187927,0.036866605281829834,1.1658099812506906,1791553130582675867,
0.17349225282669067,0.5971172451972961,1.1184872014020113,1791553130612651208,
-0.35331326723098755,0.1636425256729126,1.166858682391098,1791553130641525947,
-0.004160881042480469,0.19357532262802124,1.0643175768874313,1791553130672886178,
-0.13306206464767456,0.481614887714386,1.1000591597050753,1791553130704844910,
-0.6050845980644226,0.001104891300201416,1.2650945448776802,1791553130732553330,
0.42550116777420044,-0.4191870093345642,1.139475377073753,1791553130762357967,
0.1768394112586975,0.7799121737480164,1.137488571914502,1791553130792336814,
0.23420345783233643,0.25432783365249634,1.1596639724489073,1791553130822238432,
0.10152345895767212,0.3102115988731384,1.1372378480059058,1791553130852246563,
-0.19356399774551392,0.44693922996520996,1.1238791646830946,1791553130882190328,
-0.3300633430480957,0.27294808626174927,1.1356898474184676,1791553130912706426,
0.5792098641395569,-0.23043513298034668,1.0357867058385664,1791553130945650521,
-0.464671790599823,0.2163304090499878,1.232757554679068,1791553130972939076,
-0.05762910842895508,0.33682870864868164,1.1995020276912307,1791553131001090586,
0.06080198287963867,-0.04276120662689209,1.1143564368650494,1791553131031925261,
-0.44085079431533813,0.6919666528701782,1.1580988486241508,1791553131061787679,
0.45597851276397705,0.34254348278045654,1.1577233313251667,1791553131091758543,
-0.3062906861305237,0.52960205078125,1.1410033389784116,1791553131121807551,
0.11153507232666016,-0.23315227031707764,1.1385988322198473,1791553131152626887,
-0.076640784740448,0.2885115146636963,1.0787351796705893,1791553131184796529,
-0.2942168712615967,0.29709917306900024,1.2514266293635552,1791553131211841954,
0.062060773372650146,0.383728563785553,1.1491465416873694,1791553131241459730,
0.026026666164398193,0.5224126577377319,1.1588411093651958,1791553131271479628,
-0.239604651927948,0.5032597780227661,1.1743512580610633,1791553131301407427,
-0.2501988410949707,-0.4792812466621399,1.1807401004805043,1791553131331361940,
0.667660653591156,-0.2668567895889282,1.1905956314988106,1791553131361291472,
-0.3444015383720398,0.8044191598892212,1.0845562713826173,1791553131393442446,
0.43522363901138306,0.3218350410461426,1.089791984728603,1791553131424770163,
-0.4375612735748291,0.16527336835861206,1.2444832214983133,1791553131451658713,
-0.05106395483016968,0.6254186034202576,1.154809894241184,1791553131481163211,
-0.1479918360710144,0.11680907011032104,1.1421838817331622,1791553131511126145,
-0.17390936613082886,-0.3710516691207886,1.1168122519341228,1791553131541135681,
-0.5201583504676819,0.3987029790878296,1.2077129020163329,1791553131569959132,
-0.3158700466156006,0.6673243045806885,1.120194240617712,1791553131601213178,
0.30048269033432007,0.4855220913887024,1.086672786489897,1791553131633055530,
0.13191550970077515,-0.3316926956176758,1.2160854467964926,1791553131660922974,
-0.5355995297431946,0.030687451362609863,1.1041643988232215,1791553131691427152,
0.10035496950149536,0.5283428430557251,1.1297155552871245,1791553131720826605,
0.265331506729126,0.026946306228637695,1.145879712811266,1791553131750640424,
-0.9183614253997803,0.5446922779083252,1.1556684364745138,1791553131780646576,
0.44369298219680786,0.8788016438484192,1.1726732737756977,1791553131810666394,
-0.14074569940567017,-0.5084052681922913,1.2054249750408925,1791553131841068404,
-0.372092068195343,-0.35027432441711426,1.1110490689042436,1791553131873185228,
0.8516117334365845,0.771443247795105,1.3236563802190437,1791553131899553199,
-0.37514835596084595,0.30417871475219727,1.0971237814751553,1791553131930604245,
-0.2127564549446106,0.3094479441642761,1.1376506701740425,1791553131960317194,
-0.018843412399291992,0.7051809430122375,1.1214461755449499,1791553131990151963,
-0.41373103857040405,-0.09749209880828857,1.1620613096112025,1791553132020188984,
-0.2569972276687622,-0.039605915546417236,1.187848013211136,1791553132050235648,
0.8993343710899353,0.3753894567489624,1.1697601232392392,1791553132079721759,
-0.3543633818626404,0.10887908935546875,1.018522397524565,1791553132112800033,
-0.40637218952178955,0.2663598656654358,1.2304751120658852,1791553132140008048,
0.30313944816589355,0.49720925092697144,1.13559660260771,1791553132169976471,
-0.5837490558624268,0.2810567021369934,1.155148300775241,1791553132199841069,
-0.036902785301208496,-0.08203631639480591,1.1586242556010633,1791553132229758977,
-0.021068155765533447,0.2722095847129822,1.1673956073439875,1791553132259703566,
-0.5457994937896729,-0.07611864805221558,1.1599111544788678,1791553132289676246,
-0.07689207792282104,0.24190086126327515,1.0961736094897785,1791553132320923586,
0.9638750553131104,0.4509720802307129,1.0476648148245675,1791553132353182405,
-0.20173919200897217,0.43591004610061646,1.2794348739204195,1791553132379950102,
-0.1927776336669922,0.5241808295249939,1.1417191654144823,1791553132409467362,
0.0985417366027832,-0.18319016695022583,1.1361452380761548,1791553132439405565,
-0.8132820129394531,0.03922617435455322,1.1683993098902223,1791553132469337914,
0.8462690114974976,0.45809221267700195,1.230172590007995,1791553132498506948,
-0.45378971099853516,0.2649648189544678,1.168132295542469,1791553132528542571,
-0.2878892421722412,0.0405125617980957,1.0610918197732748,1791553132560693496,
0.2888798713684082,0.3699089288711548,1.1005146646140487,1791553132591592321,
0.15352261066436768,-0.011613309383392334,1.240107970106432,1791553132619174267,
-0.7499896287918091,-0.10421991348266602,1.1759966536897772,1791553132648021106,
0.3084825873374939,0.5348700284957886,1.091447744973082,1791553132679149808,
-0.028109431266784668,0.20994669198989868,1.1833590020289801,1791553132708955036,
-0.5650165677070618,0.46614015102386475,1.1575528235241448,1791553132738898335,
0.9069403409957886,0.7122581005096436,1.1379624093172183,1791553132769388064,
-1.0955562591552734,-0.07926052808761597,1.07417895048557,1791553132801384024,
0.2290136218070984,-0.25520455837249756,1.1551877201110805,1791553132830970467,
0.104789137840271,0.6018852591514587,1.2307444057759762,1791553132858683169,
-0.2528907060623169,-0.10640221834182739,1.1434822690214363,1791553132888623995,
-0.5833589434623718,-0.038303375244140625,1.1754211878614516,1791553132917684057,
0.9205631613731384,0.9175452589988708,1.1598314535315364,1791553132947519518,
-0.010894417762756348,0.33076977729797363,1.1309408563012082,1791553132978650673,
0.0908018946647644,-0.036309242248535156,1.1377921249496932,1791553133008728380,
0.46425849199295044,0.3245229721069336,1.0601253760504088,1791553133041013139,
-1.1840174198150635,0.2939417362213135,1.260413833365518,1791553133068330682,
0.030652642250061035,-0.21376192569732666,1.1501007948814002,1791553133097538499,
-0.38276463747024536,0.5817404985427856,1.0922499947679567,1791553133128204550,
-0.28272461891174316,0.4000328779220581,1.1501371075937372,1791553133158086157,
0.005623281002044678,0.3952333331108093,1.1930832325307024,1791553133187126160,
-0.05276775360107422,-0.0912696123123169,1.0956758203425703,1791553133218059580,
-0.15811657905578613,-0.05396127700805664,1.1271721486170079,1791553133249164338,
0.0555499792098999,0.39480119943618774,1.1010280832018287,1791553133280736718,
-0.10646438598632812,-0.028711259365081787,1.2496592380045064,1791553133317884541,
-0.4012935161590576,-0.2042953372001648,1.158548437546859,1791553133347811989,
0.35534775257110596,0.36563700437545776,1.1744141680680444,1791553133377745747,
-0.42725056409835815,0.1581299901008606,1.1261501027910399,1791553133408791989,
0.6096742749214172,0.03580617904663086,1.0571350856169104,1791553133441468308,
-0.05426156520843506,0.7499906420707703,1.2707207454454466,1791553133467818735,
0.20195883512496948,0.502537190914154,1.1239627399919083,1791553133497717640,
-0.1587875485420227,-0.11381590366363525,1.1451123801662129,1791553133527599025,
-1.122340440750122,0.45317691564559937,1.1341036020700144,1791553133557573622,
0.25747179985046387,0.15711379051208496,1.119251906002473,1791553133588101546,
-0.5065317749977112,-0.03268176317214966,1.1452865526306883,1791553133617664799,
0.5266779065132141,0.5789124369621277,1.0942507458874497,1791553133648712360,
-0.0581202507019043,0.4193418025970459,1.0695060120887663,1791553133679902917,
-0.3973310589790344,0.2780209183692932,1.2439130324590644,1791553133706539371,
0.05235147476196289,0.2781466841697693,1.0821535094084807,1791553133737455063,
-0.11608535051345825,0.04820042848587036,1.1291606609868743,1791553133767393485,
-0.19556176662445068,0.13740628957748413,1.1303983151398715,1791553133797453818,
0.1897069811820984,0.49505388736724854,1.168622138864356,1791553133857482055,
-0.7088221311569214,0.6206608414649963,1.0790565479699021,1791553133888544632,
0.2587662935256958,-0.014589011669158936,1.08275936836819,1791553133920292033,
-0.22156554460525513,0.22547000646591187,1.254312428326885,1791553133947636863,
-0.028475642204284668,0.3482990264892578,1.1133264194127097,1791553133977673019,
-0.5246251821517944,-0.2911350727081299,1.132427638421694,1791553134007554842,
0.6852962970733643,0.16925185918807983,1.198122963507531,1791553134036598904,
-0.5546281337738037,0.9738860130310059,1.1321180398940993,1791553134066963136,
0.3666073679924011,0.2631024122238159,1.1412225193068604,1791553134097121299,
0.02627319097518921,0.05627083778381348,1.084996725345264,1791553134128817507,
-0.6962966918945312,0.3481747508049011,1.2597679709214666,1791553134155498553,
0.19814163446426392,0.2261560559272766,1.0904328878908445,1791553134186755611,
-0.5831764340400696,-0.10143649578094482,1.1767211696200226,1791553134216311397,
0.7984941005706787,0.3103523254394531,1.1570149494463589,1791553134246306213,
-0.38113951683044434,0.3501044511795044,1.1642017843545869,1791553134276331658,
0.2051619291305542,0.3768250346183777,1.1928389043807248,1791553134305387578,
-0.29748183488845825,0.7133967876434326,1.0791585085978264,1791553134336618403,
-0.23442721366882324,-0.2687796354293823,1.0550744061835513,1791553134368770998,
-0.4787898063659668,0.36265838146209717,1.2446740769513702,1791553134406207213,
0.4053165912628174,-0.6581667065620422,1.154956573281791,1791553134436201069,
0.10870718955993652,-0.09354448318481445,1.1877555022624817,1791553134466008488,
-0.29366594552993774,1.0707052946090698,1.1379859051451235,1791553134496985564,
-0.14029300212860107,0.5021688938140869,1.0950183083913032,1791553134529263110,
-0.30786383152008057,0.15068179368972778,1.3171377848412569,1791553134555780881,
0.37023448944091797,0.6466642022132874,1.1576892735787583,1791553134585913977,
-0.7192888259887695,0.1316038966178894,1.1758299101993135,1791553134614522354,
0.7299788594245911,-0.31686538457870483,1.0984968184674264,1791553134644502085,
0.15588992834091187,0.8630632758140564,1.0622505890600071,1791553134675420806,
0.3604941964149475,0.4494764804840088,1.1536775741724248,1791553134705418662,
-0.28160160779953003,0.3551924228668213,1.1222978710274354,1791553134736975177,
0.11860817670822144,0.23650646209716797,1.122422541820315,1791553134767786725,
-0.5358983874320984,0.00734400749206543,1.2584726165422817,1791553134795305651,
0.7371408939361572,0.14849531650543213,1.1291642324499778,1791553134825725487,
0.19235187768936157,0.7379708290100098,1.03384931519338,1791553134848134113,
-0.47086918354034424,0.47014838457107544,1.2204165990503664,1791553134885094125,
0.22718513011932373,0.3581576347351074,1.1162603235170276,1791553134915014015,
-0.08644038438796997,0.31235241889953613,1.1644967364347303,1791553134945081130,
0.31753647327423096,0.672221302986145,1.0683229788844473,1791553134977651145,
0.30258482694625854,0.5932984352111816,1.1511671996584893,1791553135006902277,
-0.6262617111206055,-0.05126643180847168,1.1953857291734733,1791553135035815565,
0.11829996109008789,0.334330677986145,1.1902960509758533,1791553135064776906,
-0.4325360059738159,0.5248470306396484,1.1004665165223926,1791553135094714639,
