x, y, th, stamp, 
-1.7650288343429565,-1.7635961771011353,2.7908007775095207,1791553105125563744,
-1.7650288343429565,-1.7635961771011353,2.7908007775095207,1791553105155567335,
-1.765028476715088,-1.763597011566162,2.790793937213154,1791553105266495980,
-1.7650270462036133,-1.7636008262634277,2.7907633583474136,1791553105316161285,
-1.7650240659713745,-1.7636088132858276,2.790699044316152,1791553105367111248,
-1.7650240659713745,-1.7636088132858276,2.790699044316152,1791553105406151402,
-1.7650233507156372,-1.76361083984375,2.7906827613780307,1791553105457286911,
-1.7650233507156372,-1.76361083984375,2.7906827613780307,1791553105505684958,
-1.7650233507156372,-1.76361083984375,2.7906827613780307,1791553105555536363,
-1.7650233507156372,-1.76361083984375,2.7906827613780307,1791553105616664793,
-1.7650233507156372,-1.76361083984375,2.7906827613780307,1791553105665518727,
-1.7650233507156372,-1.76361083984375,2.7906827613780307,1791553105716149573,
-1.7650208473205566,-1.7636175155639648,2.7906291040516895,1791553105766193338,
-1.7650208473205566,-1.7636175155639648,2.7906288661039045,1791553105806211162,
-1.7650208473205566,-1.7636175155639648,2.79062891007152,1791553105856297480,
-1.7650208473205566,-1.7636175155639648,2.790628449523896,1791553105925819563,
-1.7650208473205566,-1.7636175155639648,2.790628190977191,1791553105956490549,
-1.7650208473205566,-1.7636175155639648,2.7906281816039815,1791553106005719199,
-1.7650208473205566,-1.7636175155639648,2.790628017005162,1791553106046199494,
-1.7650208473205566,-1.7636175155639648,2.7906277619274333,1791553106116194493,
-1.7650208473205566,-1.7636175155639648,2.7906275102085827,1791553106166282534,
-1.7650208473205566,-1.7636175155639648,2.790627481023036,1791553106206161386,
-1.7650208473205566,-1.7636175155639648,2.7906272377559227,1791553106256290696,
-1.7650208473205566,-1.7636175155639648,2.7906270101331994,1791553106326422566,
-1.7650208473205566,-1.7636175155639648,2.7906267429028664,1791553106365977871,
-1.7650208473205566,-1.7636175155639648,2.7906267677246985,1791553106405868396,
-1.7650208473205566,-1.7636175155639648,2.790626749937865,1791553106468463308,
-1.7650208473205566,-1.7636175155639648,2.7906265233194834,1791553106515152753,
-1.7650208473205566,-1.7636175155639648,2.7906265495436924,1791553106565321267,
-1.7650208473205566,-1.7636175155639648,2.7906265366742478,1791553106607189593,
-1.7650208473205566,-1.7636175155639648,2.790626531389576,1791553106658302719,
-1.7650208473205566,-1.7636175155639648,2.790626559496383,1791553106725380721,
-1.7650208473205566,-1.7636175155639648,2.790626507016563,1791553106754717394,
-1.7650208473205566,-1.7636175155639648,2.7906265177317158,1791553106816168860,
-1.7650208473205566,-1.7636175155639648,2.790626521506243,1791553106867199759,
-1.7650208473205566,-1.7636175155639648,2.7906265234102214,1791553106914209218,
-1.7650208473205566,-1.7636175155639648,2.790626547038118,1791553106964176433,
-1.7650208473205566,-1.7636175155639648,2.790626542071215,1791553107006282984,
-1.7650208473205566,-1.7636175155639648,2.790626497064958,1791553107056360590,
-1.7650208473205566,-1.7636175155639648,2.7906263056789418,1791553107124373676,
-1.7650208473205566,-1.7636175155639648,2.7906262866026137,1791553107166625322,
-1.7650208473205566,-1.7636175155639648,2.790626291792471,1791553107203510633,
-1.7650208473205566,-1.7636175155639648,2.7906263052689355,1791553107266410397,
-1.7650198936462402,-1.763620138168335,2.7906050238979105,1791553107313233662,
-1.7651324272155762,-1.763479232788086,2.7919249612874113,1791553107364367264,
-1.7670977115631104,-1.7627356052398682,2.8024482910441173,1791553107406286527,
-1.771359920501709,-1.7615028619766235,2.819096588235709,1791553107456213456,
-1.77689528465271,-1.7595607042312622,2.842837349189079,1791553107505558981,
-1.7840328216552734,-1.7574392557144165,2.8709817472226966,1791553107557551062,
-1.7918219566345215,-1.755642294883728,2.9015846272061805,1791553107603022546,
-1.8044427633285522,-1.7529946565628052,2.953093274955168,1791553107665913440,
-1.8162907361984253,-1.7507580518722534,3.0019943670404436,1791553107717606931,
-1.828268051147461,-1.7494235038757324,3.0501596694289947,1791553107762787160,
-1.840498447418213,-1.7484450340270996,3.099272965461506,1791553107806226637,
-1.854720115661621,-1.7480695247650146,-3.1271839158800647,1791553107855540850,
-1.8749407529830933,-1.7489017248153687,-3.052005297476756,1791553107923461142,
-1.8848755359649658,-1.749826431274414,-3.0133383129664333,1791553107956850685,
-1.9016668796539307,-1.7523510456085205,-2.9425136949457964,1791553108016033380,
-1.9157190322875977,-1.7552779912948608,-2.8815951396642276,1791553108067781448,
-1.9299849271774292,-1.7593671083450317,-2.8224127337627745,1791553108117224932,
-1.9425067901611328,-1.7636375427246094,-2.76995440668751,1791553108161535448,
-1.9542642831802368,-1.7685120105743408,-2.7194611274338847,1791553108205566336,
-1.9672013521194458,-1.7744221687316895,-2.6602773124743067,1791553108255540240,
-1.9839881658554077,-1.7837222814559937,-2.583252045828073,1791553108322428559,
-1.9922993183135986,-1.789016604423523,-2.5435587963252955,1791553108355810927,
-2.003300428390503,-1.7968599796295166,-2.4905119224944254,1791553108402457821,
-2.0180487632751465,-1.808585286140442,-2.414662821011791,1791553108466300068,
-2.0287528038024902,-1.818381667137146,-2.3552530894595227,1791553108516270566,
-2.0393013954162598,-1.8291726112365723,-2.2939886915172565,1791553108568188733,
-2.0467333793640137,-1.8377389907836914,-2.2488500190121012,1791553108605687863,
-2.0554897785186768,-1.8492563962936401,-2.1921985345116757,1791553108656308848,
-2.063706874847412,-1.861222505569458,-2.133417320344846,1791553108706286338,
-2.0711748600006104,-1.8736324310302734,-2.0748409023684777,1791553108756354333,
-2.0779600143432617,-1.8865433931350708,-2.0153768848885707,1791553108807256792,
-2.0849270820617676,-1.902541160583496,-1.9494041124293258,1791553108866197958,
-2.0898783206939697,-1.9160085916519165,-1.8926969521926273,1791553108916064945,
-2.0944530963897705,-1.929686427116394,-1.8315851845399866,1791553108966188384,
-2.0971622467041016,-1.9407645463943481,-1.7848588254264077,1791553109006190375,
-2.1000003814697266,-1.9549648761749268,-1.726328799974538,1791553109056245097,
-2.102059841156006,-1.9696625471115112,-1.668883752393261,1791553109106301763,
-2.1030797958374023,-1.9827513694763184,-1.616227161868479,1791553109150977545,
-2.1036438941955566,-1.9969717264175415,-1.5566328876297875,1791553109202197009,
-2.102966547012329,-2.0144436359405518,-1.4897968478146386,1791553109262227365,
-2.1017210483551025,-2.0285186767578125,-1.4335672118814453,1791553109311093650,
-2.099663734436035,-2.0431506633758545,-1.372568843043996,1791553109363224192,
-2.0965471267700195,-2.057040214538574,-1.3134149014367977,1791553109414192965,
-2.0928499698638916,-2.0701181888580322,-1.2599510716757696,1791553109460221589,
-2.0863378047943115,-2.088289260864258,-1.1847548499372078,1791553109527083129,
-2.0829410552978516,-2.096238374710083,-1.1510867560186153,1791553109556381461,
-2.0768556594848633,-2.1091959476470947,-1.092073963330784,1791553109606218531,
-2.068573474884033,-2.1240551471710205,-1.0211376916201025,1791553109666227698,
-2.0609025955200195,-2.1364293098449707,-0.9632810499326239,1791553109716145761,
-2.0522308349609375,-2.1482157707214355,-0.9049683888186679,1791553109767188194,
-2.045199394226074,-2.157254695892334,-0.8571897729402468,1791553109807199850,
-2.0355234146118164,-2.167856216430664,-0.8003765575998508,1791553109856232909,
-2.025191307067871,-2.1781225204467773,-0.741790752202063,1791553109906316504,
-2.0141875743865967,-2.1879818439483643,-0.6840791264851281,1791553109955705706,
-2.002831220626831,-2.196817398071289,-0.6254628677755845,1791553110006343192,
-1.9888169765472412,-2.2065930366516113,-0.5552896730427744,1791553110066253074,
-1.9762173891067505,-2.2140283584594727,-0.49723122205418135,1791553110116085435,
-1.9631216526031494,-2.2211246490478516,-0.43610339679264876,1791553110168424730,
-1.9526066780090332,-2.2257816791534424,-0.39130690646958793,1791553110207202820,
-1.9393351078033447,-2.2307934761047363,-0.3339115552119223,1791553110256230004,
-1.9255720376968384,-2.235368490219116,-0.2751558865919193,1791553110306342044,
-1.9116506576538086,-2.238813638687134,-0.21698579278194255,1791553110356461344,
-1.8974477052688599,-2.241626739501953,-0.1598865132955197,1791553110406385247,
-1.8798253536224365,-2.2439217567443848,-0.0899411696942855,1791553110466208620,
-1.8658887147903442,-2.244920492172241,-0.031151426535613237,1791553110516202691,
-1.8511956930160522,-2.2452878952026367,0.028648436475402644,1791553110567163084,
-1.8396124839782715,-2.2445526123046875,0.07284070547158733,1791553110606206850,
-1.825353980064392,-2.2433366775512695,0.13044748344432747,1791553110656254848,
-1.810895323753357,-2.241116523742676,0.18914237092175148,1791553110706340290,
-1.7969448566436768,-2.238176107406616,0.24794798740092702,1791553110755813701,
-1.7831331491470337,-2.234556198120117,0.3065981451303373,1791553110807347412,
-1.7669494152069092,-2.228935718536377,0.3744733611037627,1791553110866265506,
-1.7537481784820557,-2.2235267162323,0.4318169733843301,1791553110916206345,
-1.7405591011047363,-2.217367172241211,0.4907551512040533,1791553110967195275,
-1.7306053638458252,-2.211731195449829,0.5360487062294176,1791553111006206605,
-1.7177891731262207,-2.2038278579711914,0.5961944646882317,1791553111057344388,
-1.7059543132781982,-2.195431709289551,0.6535090767143619,1791553111107389718,
-1.6927827596664429,-2.184903621673584,0.7225405634706421,1791553111166476009,
-1.6820008754730225,-2.17525315284729,0.7816820060197429,1791553111216866616,
-1.6718671321868896,-2.1648757457733154,0.8391567725049225,1791553111266581849,
-1.662595510482788,-2.153792142868042,0.8958165145088575,1791553111316447557,
-1.6539117097854614,-2.142484664916992,0.9533531310784658,1791553111366220136,
-1.647169589996338,-2.1331498622894287,1.0010799035943145,1791553111407444220,
-1.6396135091781616,-2.120901346206665,1.058068479693574,1791553111456603979,
-1.6301332712173462,-2.1030352115631104,1.137539679721009,1791553111526447509,
-1.6253210306167603,-2.092424154281616,1.1858837909662405,1791553111566567229,
-1.620177984237671,-2.0792384147644043,1.244284460041742,1791553111615941304,
-1.6156854629516602,-2.065444231033325,1.3017366373918158,1791553111666370040,
-1.6122146844863892,-2.051590919494629,1.358334298557357,1791553111716277202,
-1.6093138456344604,-2.0375401973724365,1.4152200001707151,1791553111766376689,
-1.6079232692718506,-2.0262348651885986,1.4615980354540599,1791553111806284446,
-1.6066124439239502,-2.0119478702545166,1.5208134117371073,1791553111856538787,
-1.6063183546066284,-1.9915292263031006,1.5999860373050148,1791553111926114276,
-1.606727123260498,-1.9830764532089233,1.6329780188409952,1791553111955860852,
-1.6081653833389282,-1.9656710624694824,1.702201931666442,1791553112016775308,
-1.6100444793701172,-1.951281189918518,1.7613087181093952,1791553112067500938,
-1.6129974126815796,-1.9377087354660034,1.8167151105567723,1791553112116376899,
-1.6166280508041382,-1.9240392446517944,1.8748322033887272,1791553112165353057,
-1.6203670501708984,-1.9124186038970947,1.9226654093046744,1791553112207458447,
-1.625786542892456,-1.8987563848495483,1.980694241583843,1791553112256627476,
-1.6340529918670654,-1.881022334098816,2.0578208829507894,1791553112325391874,
-1.6395788192749023,-1.870634913444519,2.1054698105842746,1791553112366558705,
-1.6473305225372314,-1.8583307266235352,2.161595718375237,1791553112415610282,
-1.6555140018463135,-1.846312403678894,2.2205080212086368,1791553112467259546,
-1.6641287803649902,-1.835372805595398,2.2764516201038982,1791553112515279192,
-1.67324960231781,-1.8246923685073853,2.3347248676604893,1791553112564263155,
-1.6821346282958984,-1.8160488605499268,2.3835283703954055,1791553112606375648,
-1.692905068397522,-1.8062303066253662,2.4416713304997284,1791553112656598170,
-1.7042409181594849,-1.7969427108764648,2.500443958971457,1791553112706548619,
-1.715542197227478,-1.7888507843017578,2.5558373433270414,1791553112753637703,
-1.7304285764694214,-1.779449224472046,2.628123741054682,1791553112816195160,
-1.7432304620742798,-1.7726548910140991,2.684500954117594,1791553112866333977,
-1.7555127143859863,-1.7667165994644165,2.739072096556554,1791553112914273445,
-1.7686958312988281,-1.7613320350646973,2.7958872556820378,1791553112964283150,
-1.780360460281372,-1.757283091545105,2.8463177719754302,1791553113007250466,
-1.794008731842041,-1.7533353567123413,2.9040188448777,1791553113057282913,
-1.8130055665969849,-1.7494232654571533,2.979863649818918,1791553113122961665,
-1.8222081661224365,-1.747902512550354,3.017730698635539,1791553113157869366,
-1.835479497909546,-1.7464960813522339,3.0711755727102656,1791553113202910460,
-1.8537834882736206,-1.745863437652588,-3.139251232117999,1791553113266421698,
-1.8683266639709473,-1.745997667312622,-3.080162755405686,1791553113316842058,
-1.8812991380691528,-1.7469847202301025,-3.0286226269781396,1791553113362959744,
-1.8922693729400635,-1.7481746673583984,-2.982268571598962,1791553113406516533,
-1.9037747383117676,-1.7501543760299683,-2.932502470292427,1791553113457153981,
-1.9209821224212646,-1.754271388053894,-2.859166364908055,1791553113523325448,
-1.9308102130889893,-1.7573764324188232,-2.8216324083614834,1791553113557225629,
-1.9437015056610107,-1.7617536783218384,-2.7709576467670916,1791553113602958511,
-1.9603615999221802,-1.7688841819763184,-2.6992345332050895,1791553113666196943,
-1.9734548330307007,-1.7751564979553223,-2.6385377166335555,1791553113717306013,
-1.9851624965667725,-1.7816543579101562,-2.585498643463425,1791553113762990320,
-1.9959205389022827,-1.7886008024215698,-2.533164213329474,1791553113806626711,
-2.00760555267334,-1.7967047691345215,-2.472592596682992,1791553113858116939,
-2.021822214126587,-1.808669090270996,-2.398420441382841,1791553113921205293,
-2.0291404724121094,-1.8157566785812378,-2.3597611833026155,1791553113956419359,
-2.038508415222168,-1.825190544128418,-2.307841733464179,1791553114002428842,
-2.0470540523529053,-1.8349213600158691,-2.257079271895426,1791553114047284685,
-2.0594727993011475,-1.851163387298584,-2.177538308638897,1791553114115696332,
-2.0678718090057373,-1.8634560108184814,-2.1163782337384416,1791553114168309453,
-2.0735764503479004,-1.8731616735458374,-2.071576068431127,1791553114206663788,
-2.0802106857299805,-1.8860424757003784,-2.0139027810112924,1791553114257399442,
-2.0882716178894043,-1.9043455123901367,-1.932725244638353,1791553114326811471,
-2.0912086963653564,-1.912286639213562,-1.8986968080103912,1791553114355619787,
-2.0956296920776367,-1.9259635210037231,-1.8384243878068673,1791553114407106371,
-2.0999929904937744,-1.9429925680160522,-1.770475020714885,1791553114466416163,
-2.102538824081421,-1.957168698310852,-1.714614046327364,1791553114516650483,
-2.104316473007202,-1.9712390899658203,-1.6565604896751005,1791553114567281110,
-2.105242967605591,-1.9826685190200806,-1.6094562837855493,1791553114606858536,
-2.1054141521453857,-1.9973113536834717,-1.5526314222508466,1791553114655500502,
-2.1051888465881348,-2.0110013484954834,-1.4970849838709024,1791553114704119439,
-2.1037724018096924,-2.0250821113586426,-1.4400302282771067,1791553114752786650,
-2.10184383392334,-2.039020538330078,-1.3819380319618115,1791553114802897807,
-2.0981624126434326,-2.0556042194366455,-1.3140061011179414,1791553114862863380,
-2.0943894386291504,-2.069409132003784,-1.2566493783027344,1791553114913220084,
-2.089667797088623,-2.083139657974243,-1.1990367840121097,1791553114963361781,
-2.084557294845581,-2.0954761505126953,-1.1429522035485706,1791553115010315820,
-2.078198194503784,-2.1084632873535156,-1.0865225418041964,1791553115059866195,
-2.068974494934082,-2.12481689453125,-1.010047020286061,1791553115126799896,
-2.0642716884613037,-2.1321966648101807,-0.9751357352473183,1791553115157497853,
-2.056001901626587,-2.144117593765259,-0.9161002967560455,1791553115207488191,
-2.0449705123901367,-2.1577486991882324,-0.8447773771722639,1791553115266594235,
-2.0351998805999756,-2.168654203414917,-0.7867623494378566,1791553115317485254,
-2.024868965148926,-2.1784818172454834,-0.7303803763570156,1791553115367394545,
-2.0163707733154297,-2.1861395835876465,-0.6830599892500037,1791553115408284416,
-2.0049846172332764,-2.194955825805664,-0.6261784475138705,1791553115457392992,
-1.993262767791748,-2.2031044960021973,-0.5709450772521419,1791553115505627393,
-1.980905532836914,-2.2106828689575195,-0.5133105931731683,1791553115556321610,
-1.9681452512741089,-2.2174723148345947,-0.45553561673529946,1791553115607050738,
-1.9526984691619873,-2.2246153354644775,-0.3867156024664233,1791553115666402858,
-1.9391082525253296,-2.2299647331237793,-0.3268024477555827,1791553115717252656,
-1.925148606300354,-2.2343878746032715,-0.26845917777260464,1791553115767222076,
-1.913892388343811,-2.2373437881469727,-0.2225390244565559,1791553115807255750,
-1.899899959564209,-2.240072011947632,-0.16558523186270316,1791553115856408654,
-1.8855531215667725,-2.242295265197754,-0.10709258878879038,1791553115905546229,
-1.8712666034698486,-2.243628740310669,-0.0493948071227711,1791553115956088173,
-1.8568154573440552,-2.244197368621826,0.008278138139552688,1791553116006806004,
-1.8393306732177734,-2.2435312271118164,0.07497619988521646,1791553116066276375,
-1.8249750137329102,-2.242337226867676,0.1344287317580899,1791553116117253395,
-1.8107669353485107,-2.2401468753814697,0.19249178806689873,1791553116167221048,
-1.7995455265045166,-2.2378196716308594,0.2374452321426464,1791553116207260966,
-1.7857953310012817,-2.2343897819519043,0.29430369888735924,1791553116257252286,
-1.7723197937011719,-2.2298834323883057,0.35129350698221956,1791553116305603170,
-1.758744478225708,-2.2248694896698,0.4107235918870026,1791553116357046703,
-1.7428820133209229,-2.2177226543426514,0.4795188088315288,1791553116417757272,
-1.7306296825408936,-2.210806369781494,0.5341835691284235,1791553116466328399,
-1.7180346250534058,-2.203209400177002,0.5934365766939632,1791553116517250288,
-1.7064146995544434,-2.195206880569458,0.6509765442553659,1791553116567226445,
-1.6974982023239136,-2.188199281692505,0.6965278082238567,1791553116607268036,
-1.6864352226257324,-2.178605794906616,0.7530541131614785,1791553116657454363,
-1.6758692264556885,-2.1687371730804443,0.8107585220127257,1791553116706545575,
-1.6642136573791504,-2.1559348106384277,0.8797391370062735,1791553116766879910,
-1.6571643352508545,-2.147181749343872,0.9258200870271999,1791553116806866329,
-1.6472184658050537,-2.133209466934204,0.9930895109429559,1791553116866280202,
-1.6394126415252686,-2.1207432746887207,1.051446563844732,1791553116917270099,
-1.6325596570968628,-2.108330488204956,1.108061011106148,1791553116967232538,
-1.6275732517242432,-2.098173141479492,1.1542131394946322,1791553117007286393,
-1.6220111846923828,-2.08536434173584,1.2113812435727074,1791553117057485137,
-1.615527868270874,-2.066319704055786,1.2901660841461118,1791553117126734946,
-1.6125346422195435,-2.0551137924194336,1.3353561118595763,1791553117167253474,
-1.6100480556488037,-2.0440714359283447,1.3802997211237413,1791553117207334941,
-1.6071586608886719,-2.027155876159668,1.4503697477855275,1791553117267357666,
-1.6055384874343872,-2.013000249862671,1.5068808814893389,1791553117317361538,
-1.604888677597046,-1.998333215713501,1.5625987733508064,1791553117367305706,
-1.605031132698059,-1.987007975578308,1.6070672577640104,1791553117407274235,
-1.605603814125061,-1.9727219343185425,1.666899966490855,1791553117457809219,
-1.6080963611602783,-1.9531841278076172,1.7437576432410908,1791553117525806424,
-1.6095409393310547,-1.9445545673370361,1.777136712004043,1791553117555580061,
-1.612737774848938,-1.9304007291793823,1.8336048877005688,1791553117605504983,
-1.6177741289138794,-1.9135359525680542,1.9054857462658863,1791553117669357497,
-1.622483730316162,-1.900656819343567,1.9610705141480016,1791553117716393269,
-1.6280544996261597,-1.8876093626022339,2.017365353943809,1791553117765311430,
-1.6335123777389526,-1.876578688621521,2.0661009438440066,1791553117807278648,
-1.6406729221343994,-1.8641002178192139,2.122143733838092,1791553117856542408,
-1.6511164903640747,-1.8479558229446411,2.2016188240932957,1791553117924955565,
-1.6562981605529785,-1.8410451412200928,2.2365949153838462,1791553117955124302,
-1.667610764503479,-1.8270817995071411,2.307916721795429,1791553118016843778,
-1.6778229475021362,-1.816485047340393,2.3654524425056422,1791553118067328918,
-1.6878587007522583,-1.8069376945495605,2.421100658909103,1791553118115211516,
-1.6987310647964478,-1.7975660562515259,2.4791059339781065,1791553118165398657,
-1.7084866762161255,-1.7899831533432007,2.5292675116709953,1791553118207618966,
-1.7202277183532715,-1.78208327293396,2.584485499317063,1791553118256931701,
-1.7327077388763428,-1.7747020721435547,2.642850949609592,1791553118307479322,
-1.7445226907730103,-1.76827073097229,2.6988198486408677,1791553118354400014,
-1.7609941959381104,-1.7608401775360107,2.7733288273977617,1791553118417460458,
-1.774556040763855,-1.755852460861206,2.830866541445237,1791553118467405989,
-1.7874259948730469,-1.751862645149231,2.882909988515897,1791553118514359979,
-1.8013298511505127,-1.748598337173462,2.9380078499113687,1791553118563577026,
-1.813366413116455,-1.7460838556289673,2.987369287235717,1791553118608303529,
-1.8273775577545166,-1.744341254234314,3.043817738584629,1791553118657311547,
-1.8465614318847656,-1.7431304454803467,3.120398044374441,1791553118723566170,
-1.8560776710510254,-1.7427902221679688,-3.123883247580065,1791553118757971713,
-1.8694411516189575,-1.7432317733764648,-3.0703868831517136,1791553118802817848,
-1.8875606060028076,-1.7447222471237183,-2.9955151065537033,1791553118867488180,
-1.9021426439285278,-1.747092604637146,-2.937253968002696,1791553118918426952,
-1.9151300191879272,-1.7500859498977661,-2.885980109703304,1791553118962940138,
-1.9275461435317993,-1.753549337387085,-2.8353223710260917,1791553119006906678,
-1.9412086009979248,-1.7579782009124756,-2.7771332254385053,1791553119056842400,
-1.958580493927002,-1.765150547027588,-2.7010126249386297,1791553119122971161,
-1.967507004737854,-1.769324779510498,-2.6615683867468793,1791553119157455835,
-1.9790897369384766,-1.775757908821106,-2.6100248654537337,1791553119203128177,
-1.9949920177459717,-1.7854738235473633,-2.5350532599089144,1791553119267221424,
-2.006697416305542,-1.7938863039016724,-2.4781047657545554,1791553119316626306,
-2.0167806148529053,-1.8019909858703613,-2.4263684262286613,1791553119362939688,
-2.0263864994049072,-1.8105692863464355,-2.3742537192950888,1791553119407367596,
-2.0365705490112305,-1.8206185102462769,-2.3163964099640704,1791553119457378366,
-2.0461487770080566,-1.831416368484497,-2.2579687019776093,1791553119506684843,
-2.05499005317688,-1.84264075756073,-2.201118823683795,1791553119557197959,
-2.0648996829986572,-1.857130527496338,-2.134397509401176,1791553119617226886,
-2.0722897052764893,-1.8693472146987915,-2.0790330128306733,1791553119666764862,
-2.079031229019165,-1.8816176652908325,-2.0219670607102906,1791553119716676886,
-2.085174560546875,-1.8947079181671143,-1.9623707279193368,1791553119767798022,
-2.089352607727051,-1.9052201509475708,-1.9178757088512073,1791553119806570870,
-2.0940513610839844,-1.9190759658813477,-1.8613630326678479,1791553119857332288,
-2.097923517227173,-1.932986855506897,-1.805061930638839,1791553119906664751,
-2.1012187004089355,-1.9471536874771118,-1.7464388611919113,1791553119957349880,
-2.1035053730010986,-1.9613474607467651,-1.6877234576098243,1791553120006682590,
-2.1051113605499268,-1.9788907766342163,-1.6194359470978572,1791553120067324925,
-2.105518341064453,-1.9931613206863403,-1.5620508840193628,1791553120116927705,
-2.1051485538482666,-2.0075156688690186,-1.5041411580776094,1791553120167387846,
-2.1042532920837402,-2.0189590454101562,-1.4570102524991158,1791553120207211873,
-2.101956844329834,-2.03439998626709,-1.3956796965743616,1791553120262412259,
-2.0998237133026123,-2.046292304992676,-1.3479189661876483,1791553120303466084,
-2.0964794158935547,-2.060227394104004,-1.2890268967499097,1791553120353434763,
-2.090677261352539,-2.078815460205078,-1.2099223651634459,1791553120420872226,
-2.087498664855957,-2.0868124961853027,-1.1758954740382785,1791553120451350228,
-2.0802948474884033,-2.103398323059082,-1.1048174211782016,1791553120514318873,
-2.0734922885894775,-2.1158876419067383,-1.048632435166796,1791553120563346401,
-2.066418170928955,-2.1282877922058105,-0.987366818309358,1791553120614323195,
-2.0591578483581543,-2.1386682987213135,-0.9377562588365685,1791553120657352268,
-2.0504097938537598,-2.1502699851989746,-0.8815343870545916,1791553120707475891,
-2.0409810543060303,-2.161376476287842,-0.8253809063137738,1791553120756647403,
-2.0310559272766113,-2.1715352535247803,-0.7677860480363488,1791553120806502519,
-2.0184531211853027,-2.1831746101379395,-0.6978378617906499,1791553120867324752,
-2.007113456726074,-2.1923041343688965,-0.6401864139581254,1791553120917324725,
-1.9952385425567627,-2.2008891105651855,-0.5829347964295707,1791553120967276851,
-1.985557198524475,-2.2072818279266357,-0.5364211997870709,1791553121008303103,
-1.9733704328536987,-2.214351177215576,-0.4763047964075492,1791553121057335915,
-1.9606128931045532,-2.2206315994262695,-0.4197493007965742,1791553121107473371,
-1.9444302320480347,-2.2274816036224365,-0.35130015362538364,1791553121167396533,
-1.9335919618606567,-2.231294870376587,-0.30576429833306845,1791553121206815927,
-1.9169535636901855,-2.236187219619751,-0.23769742198985166,1791553121267331794,
-1.9029263257980347,-2.23927640914917,-0.18011950888795686,1791553121317244699,
-1.8885315656661987,-2.241732358932495,-0.12320761224332771,1791553121367336631,
-1.8768295049667358,-2.2429630756378174,-0.07736952732443754,1791553121407314955,
-1.862714409828186,-2.243910551071167,-0.019601095060149485,1791553121457324223,
-1.8480639457702637,-2.2439117431640625,0.040160864431286886,1791553121507385543,
-1.8308285474777222,-2.2428951263427734,0.10812015324145241,1791553121567394219,
-1.8195902109146118,-2.2416255474090576,0.15328637740752865,1791553121606701416,
-1.8025463819503784,-2.2384729385375977,0.2207562583747465,1791553121667328213,
-1.7886013984680176,-2.2351620197296143,0.27807776402202183,1791553121717326837,
-1.7749618291854858,-2.231025457382202,0.33622768131967706,1791553121767281439,
-1.7642549276351929,-2.227102518081665,0.3820499998023135,1791553121807329688,
-1.750901699066162,-2.2215237617492676,0.4394852443298843,1791553121858309602,
-1.7380512952804565,-2.2150065898895264,0.4949329107253029,1791553121906767257,
-1.7252122163772583,-2.207986354827881,0.5538936723108274,1791553121957404468,
-1.7103564739227295,-2.1983225345611572,0.6245951559848385,1791553122018024458,
-1.6990759372711182,-2.1899197101593018,0.6808512549374643,1791553122067469250,
-1.688197374343872,-2.1807050704956055,0.737469218816405,1791553122117419644,
-1.6774864196777344,-2.1710309982299805,0.7956877699455426,1791553122167286141,
-1.669656753540039,-2.1627049446105957,0.8406580576008255,1791553122207326257,
-1.66019606590271,-2.152071714401245,0.8991296939403841,1791553122258332279,
-1.6516176462173462,-2.1406915187835693,0.954484595515247,1791553122307462758,
-1.6418558359146118,-2.1261730194091797,1.0241165931809133,1791553122367428369,
-1.6346161365509033,-2.114128828048706,1.0815772623280682,1791553122417342752,
-1.6281613111495972,-2.101407766342163,1.1383786582006883,1791553122467346165,
-1.6222350597381592,-2.0882163047790527,1.1958764717300123,1791553122517432324,
-1.6171412467956543,-2.074758291244507,1.2530474659903574,1791553122567289826,
-1.6137901544570923,-2.0638296604156494,1.2999880858518367,1791553122607337129,
-1.610012173652649,-2.0501177310943604,1.3587839896657932,1791553122658351405,
-1.6074097156524658,-2.0357511043548584,1.412977929532763,1791553122706649875,
-1.6054165363311768,-2.0217974185943604,1.467951220273205,1791553122757184146,
-1.6042417287826538,-2.0074942111968994,1.5247162314014613,1791553122807081548,
-1.6039097309112549,-1.9902682304382324,1.594239476979756,1791553122866563923,
-1.6044650077819824,-1.9757969379425049,1.6516022293006045,1791553122917218373,
-1.6059173345565796,-1.961390495300293,1.7079664327227313,1791553122967297679,
-1.6076560020446777,-1.9497255086898804,1.7559856059049466,1791553123008349249,
-1.6105854511260986,-1.9355860948562622,1.815370268413051,1791553123059364948,
-1.6142851114273071,-1.9216574430465698,1.872709493046214,1791553123108831312,
-1.618716835975647,-1.9085956811904907,1.927286504186647,1791553123156158544,
-1.6254441738128662,-1.8920164108276367,1.9976490076970248,1791553123218420691,
-1.6315710544586182,-1.879136323928833,2.0562114330026615,1791553123269377589,
-1.638210654258728,-1.8671678304672241,2.110154724092062,1791553123316337280,
-1.6455291509628296,-1.8552800416946411,2.165965250020518,1791553123365439282,
-1.6524616479873657,-1.8454233407974243,2.2137702240114088,1791553123407340695,
-1.6614434719085693,-1.833992600440979,2.270748909654163,1791553123456570949,
-1.6709342002868652,-1.822762370109558,2.3305111136741923,1791553123506868615,
-1.680487871170044,-1.8130555152893066,2.3865589908548994,1791553123555037175,
-1.6937135457992554,-1.801092267036438,2.457555292607428,1791553123617491212,
-1.7054650783538818,-1.792039155960083,2.514254588306231,1791553123667436646,
-1.7168534994125366,-1.7843412160873413,2.5678651103689814,1791553123714503242,
-1.728499174118042,-1.776946783065796,2.6270419984569875,1791553123765368518,
-1.7388466596603394,-1.7712395191192627,2.677277606849411,1791553123808357003,
-1.7516478300094604,-1.7650701999664307,2.732499886384603,1791553123857444939,
-1.7653229236602783,-1.7595535516738892,2.7876181269468634,1791553123906965505,
-1.7780948877334595,-1.755078911781311,2.8408589423323583,1791553123955005914,
-1.7952954769134521,-1.750187873840332,2.9137416110181484,1791553124016605156,
-1.8091922998428345,-1.747258186340332,2.9710059197927214,1791553124067401712,
-1.8235722780227661,-1.7447831630706787,3.029029380142286,1791553124119335469,
-1.8366827964782715,-1.7436928749084473,3.0799789232623804,1791553124163512898,
-1.8490320444107056,-1.7432385683059692,3.128843782603825,1791553124207345050,
-1.8636020421981812,-1.7434289455413818,-3.0960628970367776,1791553124256729052,
-1.882878303527832,-1.7447304725646973,-3.019369854717433,1791553124323531833,
-1.8950668573379517,-1.7463241815567017,-2.9702350892372738,1791553124366965046,
-1.9091769456863403,-1.7488914728164673,-2.9128923426936226,1791553124417161181,
-1.9231863021850586,-1.752296805381775,-2.8560628278260047,1791553124467117419,
-1.9371963739395142,-1.7565279006958008,-2.7964948848565383,1791553124517568993,
-1.9495667219161987,-1.7611117362976074,-2.7450749808369173,1791553124563038491,
-1.9611841440200806,-1.7662986516952515,-2.694417201571501,1791553124607357501,
-1.974520206451416,-1.7727174758911133,-2.636622670654061,1791553124656894492,
-1.987029790878296,-1.7798924446105957,-2.579841566158538,1791553124706979777,
-1.9989444017410278,-1.7875852584838867,-2.522472431465637,1791553124757195847,
-2.009521722793579,-1.7952522039413452,-2.469772755153452,1791553124802605049,
-2.0235977172851562,-1.807228922843933,-2.3961052845475375,1791553124866831139,
-2.0338587760925293,-1.8169375658035278,-2.3387050253324873,1791553124916521113,
-2.042753219604492,-1.8266488313674927,-2.2860994833234525,1791553124963089680,
-2.0510823726654053,-1.8362990617752075,-2.2356665574534222,1791553125006559947,
-2.0596821308135986,-1.8477429151535034,-2.1781138817511403,1791553125056696022,
-2.0711209774017334,-1.8645145893096924,-2.0937619140202246,1791553125128773513,
-2.076383352279663,-1.8742542266845703,-2.0491955695314594,1791553125166965012,
-2.0818283557891846,-1.8846365213394165,-2.001957789900417,1791553125207930021,
-2.088449239730835,-1.9004286527633667,-1.9354526547575408,1791553125266823506,
-2.0931625366210938,-1.9137282371520996,-1.8790270200683883,1791553125317063590,
-2.097259998321533,-1.9273747205734253,-1.8206820266381936,1791553125368369476,
-2.099998712539673,-1.938755750656128,-1.775912959756568,1791553125407348688,
-2.1024954319000244,-1.9530342817306519,-1.7188880690163544,1791553125456601436,
-2.104367971420288,-1.9670087099075317,-1.66192299688901,1791553125506723862,
-2.1054487228393555,-1.9812874794006348,-1.6035931112536443,1791553125557019988,
-2.1057305335998535,-1.9988808631896973,-1.534277591400612,1791553125616810272,
-2.1050820350646973,-2.0134308338165283,-1.4775105693078083,1791553125667392321,
-2.1034183502197266,-2.0277538299560547,-1.4185758618974933,1791553125716984628,
-2.101105213165283,-2.0417776107788086,-1.3595352123521125,1791553125767365290,
-2.0983970165252686,-2.05332350730896,-1.3140199317524746,1791553125807408788,
-2.0943195819854736,-2.0681240558624268,-1.2525174005291004,1791553125861442382,
-2.0900750160217285,-2.0795352458953857,-1.2048531983013295,1791553125902525393,
-2.0848729610443115,-2.092446804046631,-1.1477062576328916,1791553125952712801,
-2.076223850250244,-2.1102001667022705,-1.068691934388255,1791553126021395268,
-2.0700438022613525,-2.1208291053771973,-1.0208918563258005,1791553126062886927,
-2.0626041889190674,-2.1328344345092773,-0.9643804332111408,1791553126113256939,
-2.05336594581604,-2.1453661918640137,-0.9009629326443256,1791553126167397616,
-2.046203136444092,-2.15458083152771,-0.853402692902959,1791553126208363930,
-2.036351203918457,-2.1653378009796143,-0.796381586856399,1791553126257389820,
-2.026261806488037,-2.1752562522888184,-0.7388791527915078,1791553126307308120,
-2.0151615142822266,-2.184816598892212,-0.6820060056054614,1791553126356798954,
-2.0039279460906982,-2.193561553955078,-0.6246905129258612,1791553126406877157,
-1.9897668361663818,-2.2034263610839844,-0.554877454919593,1791553126466547322,
-1.9772086143493652,-2.210829257965088,-0.4978397285736876,1791553126517361519,
-1.9643000364303589,-2.2176718711853027,-0.43934272947155406,1791553126568426234,
-1.9534471035003662,-2.222642660140991,-0.39306280194786797,1791553126608370440,
-1.9403584003448486,-2.2276816368103027,-0.3365959924479686,1791553126657374034,
-1.9266635179519653,-2.2323875427246094,-0.27661019108882046,1791553126706695301,
-1.9123191833496094,-2.2359845638275146,-0.22021469955874556,1791553126757389163,
-1.895199179649353,-2.239420175552368,-0.15219665032482077,1791553126817001254,
-1.8810064792633057,-2.2413315773010254,-0.09369048609123594,1791553126867407312,
-1.866708755493164,-2.242476224899292,-0.035166744212950074,1791553126917364405,
-1.8522471189498901,-2.242818593978882,0.02224010114835227,1791553126967338653,
-1.8405002355575562,-2.242263078689575,0.06650890042695208,1791553127007372682,
-1.8262197971343994,-2.2411415576934814,0.12340259785734778,1791553127057378801,
-1.8121256828308105,-2.239081621170044,0.18181443410888665,1791553127107380879,
-1.7980127334594727,-2.236301898956299,0.23969444779993462,1791553127156744794,
-1.7838811874389648,-2.232573986053467,0.296835328783789,1791553127207269684,
-1.767514944076538,-2.2273011207580566,0.36636317885373726,1791553127267393342,
-1.754163384437561,-2.22212553024292,0.42420255765304377,1791553127317422432,
-1.741198182106018,-2.2159507274627686,0.4807360215867124,1791553127367338098,
-1.731063961982727,-2.2105560302734375,0.5264033702818848,1791553127407378190,
-1.7183544635772705,-2.2029993534088135,0.5852383166130216,1791553127459396675,
-1.7070984840393066,-2.194949150085449,0.6391871341567824,1791553127506755654,
-1.6954363584518433,-2.186060667037964,0.6966727615355925,1791553127557364746,
-1.6842368841171265,-2.1765997409820557,0.7556984136737499,1791553127607709339,
-1.6721230745315552,-2.164625644683838,0.8226496320187972,1791553127667399410,
-1.6625828742980957,-2.1537327766418457,0.8799033456591483,1791553127717281646,
-1.6539250612258911,-2.1429591178894043,0.9368974703549863,1791553127767414052,
-1.6470105648040771,-2.1335718631744385,0.9843826136765287,1791553127807383250,
-1.6390974521636963,-2.121706008911133,1.0437869908234099,1791553127858441738,
-1.632223129272461,-2.1093192100524902,1.0992353721485433,1791553127906772922,
-1.6259158849716187,-2.0961906909942627,1.1563198598976507,1791553127957245018,
-1.6203128099441528,-2.0829544067382812,1.2138990400251723,1791553128007379289,
-1.614675521850586,-2.0664005279541016,1.2819334297408125,1791553128066583953,
-1.6109470129013062,-2.0529232025146484,1.3382093466218352,1791553128117379322,
-1.6078084707260132,-2.0388834476470947,1.3954874668570025,1791553128167345723,
-1.6059534549713135,-2.0275826454162598,1.441185036896472,1791553128207394570,
-1.6043843030929565,-2.0134921073913574,1.4990696939665993,1791553128257375736,
-1.6036847829818726,-1.9990473985671997,1.5550521329591855,1791553128306656220,
-1.603726863861084,-1.984678030014038,1.611097889257187,1791553128356809739,
-1.6047309637069702,-1.9703218936920166,1.6679502828915054,1791553128406549766,
-1.6058274507522583,-1.9593114852905273,1.7136543094924366,1791553128447409825,
-1.6091200113296509,-1.9394525289535522,1.792967603608589,1791553128516392180,
-1.612634539604187,-1.9253413677215576,1.849440727566239,1791553128566353833,
-1.6160856485366821,-1.9138785600662231,1.8983267417714984,1791553128609392986,
-1.6208901405334473,-1.900444507598877,1.9574311979709917,1791553128659425728,
-1.6263922452926636,-1.887497901916504,2.0146785181901787,1791553128708563251,
-1.6328457593917847,-1.8751171827316284,2.0680552019976,1791553128755879648,
-1.639700174331665,-1.8626710176467896,2.1240839241407214,1791553128804671087,
-1.6497012376785278,-1.8477673530578613,2.1952033831454885,1791553128868407920,
-1.6579535007476807,-1.8367512226104736,2.251403175304092,1791553128916386895,
-1.6667968034744263,-1.8255912065505981,2.3096442024511274,1791553128965359362,
-1.6754738092422485,-1.8166090250015259,2.358402535524939,1791553129007398480,
-1.6858999729156494,-1.8066284656524658,2.415323551052121,1791553129057411142,
-1.700899600982666,-1.7939496040344238,2.493240367894651,1791553129125179283,
-1.7077564001083374,-1.7887303829193115,2.529144078821784,1791553129155350344,
-1.7225784063339233,-1.7790888547897339,2.6013746497077457,1791553129216686811,
-1.7350382804870605,-1.7719937562942505,2.657547735584412,1791553129266634506,
-1.747269868850708,-1.7657383680343628,2.712223462740138,1791553129315314424,
-1.7604131698608398,-1.7599430084228516,2.7702879610076683,1791553129365430742,
-1.771741271018982,-1.7556062936782837,2.8198499412793403,1791553129408441015,
-1.7853758335113525,-1.7514293193817139,2.8738172090249217,1791553129457442644,
-1.7993152141571045,-1.7478777170181274,2.928935983338833,1791553129507095556,
-1.8134400844573975,-1.7447770833969116,2.9875357236360327,1791553129559310979,
-1.8265421390533447,-1.7432584762573242,3.039547676710029,1791553129604430720,
-1.8446075916290283,-1.7420661449432373,3.112452504795249,1791553129666582643,
-1.8595257997512817,-1.741713523864746,-3.1102206643807384,1791553129719295758,
-1.873155117034912,-1.7425401210784912,-3.0587224944799547,1791553129764429586,
-1.8852134943008423,-1.7436319589614868,-3.0093834309409524,1791553129807402143,
-1.899454951286316,-1.7457373142242432,-2.951567671137429,1791553129856539969,
-1.9134818315505981,-1.7484480142593384,-2.894181977938351,1791553129906815020,
-1.9273799657821655,-1.752229928970337,-2.8359234971652585,1791553129957877473,
-1.94021737575531,-1.7564038038253784,-2.782935879943543,1791553130003698916,
-1.9568926095962524,-1.7631405591964722,-2.710262564534925,1791553130066744591,
-1.9702999591827393,-1.7692404985427856,-2.6523060941938645,1791553130118166701,
-1.9819302558898926,-1.7755253314971924,-2.6004593300207364,1791553130163100952,
-1.9927932024002075,-1.7823336124420166,-2.5497164757904827,1791553130208451903,
-2.0050160884857178,-1.7905759811401367,-2.4906979658824357,1791553130258086654,
-2.0164315700531006,-1.7995567321777344,-2.432872395197463,1791553130307875186,
-2.027045249938965,-1.8090075254440308,-2.377141644793984,1791553130357289250,
-2.039013147354126,-1.821204423904419,-2.30895953398708,1791553130417351092,
-2.048449993133545,-1.8321489095687866,-2.2520402860860567,1791553130467373546,
-2.057084321975708,-1.8429452180862427,-2.193860616626633,1791553130516631080,
-2.065635919570923,-1.8549591302871704,-2.1325007949141512,1791553130569994128,
-2.071293354034424,-1.8645113706588745,-2.0909367588695296,1791553130607425038,
-2.0780417919158936,-1.8771275281906128,-2.0349965808034676,1791553130656554067,
-2.0869171619415283,-1.8954319953918457,-1.9514291727940496,1791553130728759002,
-2.0899763107299805,-1.903409481048584,-1.9186993973594648,1791553130756589276,
-2.09479022026062,-1.9172391891479492,-1.8604058872915754,1791553130808010635,
-2.0994296073913574,-1.9340097904205322,-1.7921845707262474,1791553130867512443,
-2.1023688316345215,-1.9480211734771729,-1.7348717634294255,1791553130918167313,
-2.1043148040771484,-1.962106704711914,-1.679389210289268,1791553130967581566,
-2.1056172847747803,-1.973533034324646,-1.632295689220773,1791553131008031822,
-2.106137990951538,-1.9879238605499268,-1.577032629224184,1791553131056671420,
-2.1060049533843994,-2.0023956298828125,-1.5194386419037789,1791553131107430291,
-2.1050353050231934,-2.0166285037994385,-1.4613608681334558,1791553131157014542,
-2.103339433670044,-2.0312368869781494,-1.403181038071938,1791553131208335138,
-2.0999560356140137,-2.0484132766723633,-1.3333190144968465,1791553131267646902,
-2.096263885498047,-2.0622687339782715,-1.275870204526234,1791553131317124543,
-2.0919101238250732,-2.0758283138275146,-1.2175728333149685,1791553131366551679,
-2.0878586769104004,-2.086698293685913,-1.1695314125568992,1791553131407609997,
-2.081604480743408,-2.100811004638672,-1.1099912979084028,1791553131460597894,
-2.075906276702881,-2.1118104457855225,-1.0620300054672922,1791553131502629294,
-2.0688836574554443,-2.1240057945251465,-1.0048060358734874,1791553131553281037,
-2.0609285831451416,-2.1358072757720947,-0.9468505013003713,1791553131603709624,
-2.050493001937866,-2.1493992805480957,-0.8788526804313219,1791553131663417159,
-2.041137218475342,-2.1604561805725098,-0.8241511649877821,1791553131712333406,
-2.0299007892608643,-2.172159194946289,-0.7603711157158545,1791553131768481774,
-2.021719217300415,-2.180053949356079,-0.7118529855870458,1791553131809439817,
-2.01065993309021,-2.188995599746704,-0.6531355485296632,1791553131857441713,
-1.9941089153289795,-2.2011373043060303,-0.5711105125271224,1791553131927659859,
-1.9867463111877441,-2.2056803703308105,-0.5384109340263786,1791553131956804571,
-1.9718953371047974,-2.214024782180786,-0.4702250979730958,1791553132016830907,
-1.9641579389572144,-2.2180519104003906,-0.43395371665615784,1791553132048462539,
-1.9458189010620117,-2.2258405685424805,-0.354826345989508,1791553132116566322,
-1.9322423934936523,-2.2306485176086426,-0.29755415150564396,1791553132167517178,
-1.920913577079773,-2.2339344024658203,-0.25155078763092614,1791553132207931389,
-1.9072047472000122,-2.237250328063965,-0.19464750522115315,1791553132256550103,
-1.8870842456817627,-2.240656852722168,-0.1142704122056461,1791553132327458089,
-1.8786239624023438,-2.241516351699829,-0.08036443510849203,1791553132357370694,
-1.863619327545166,-2.2427358627319336,-0.021571940746874865,1791553132407509292,
-1.8466228246688843,-2.242568254470825,0.0462570811554559,1791553132466709044,
-1.832313060760498,-2.24173903465271,0.10572075279163252,1791553132517349852,
-1.8179219961166382,-2.239903688430786,0.16279341935404937,1791553132568432265,
-1.8066149950027466,-2.2379801273345947,0.20823324307160637,1791553132607469230,
-1.792494535446167,-2.23465633392334,0.26498221639981684,1791553132656516156,
-1.773032784461975,-2.2288403511047363,0.3470905855610465,1791553132727928141,
-1.765070915222168,-2.2260053157806396,0.3816339360188592,1791553132757501741,
-1.7489131689071655,-2.2190334796905518,0.4493826188429373,1791553132817264874,
-1.7358760833740234,-2.2123115062713623,0.5061992588179769,1791553132866501103,
-1.7230116128921509,-2.2051479816436768,0.5655055212698762,1791553132918319423,
-1.7110427618026733,-2.197272777557373,0.6236998145894773,1791553132968473057,
-1.7017277479171753,-2.1905157566070557,0.6695297079975091,1791553133007725015,
-1.69050931930542,-2.181124448776245,0.7267352036334427,1791553133057574409,
-1.6801085472106934,-2.1715948581695557,0.7829568536371004,1791553133108162243,
-1.6684108972549438,-2.1592648029327393,0.8512830000657384,1791553133167553726,
-1.6609312295913696,-2.1505978107452393,0.8968257154732977,1791553133208065740,
-1.6504606008529663,-2.1367359161376953,0.9664883105350707,1791553133268291980,
-1.6426494121551514,-2.124659776687622,1.0233159662809623,1791553133317472564,
-1.6351211071014404,-2.1125006675720215,1.0825352986581074,1791553133367532638,
-1.629719853401184,-2.1020827293395996,1.1292695934109729,1791553133407524090,
-1.6238645315170288,-2.089193344116211,1.186222577858419,1791553133457572857,
-1.6171176433563232,-2.070260524749756,1.264017413605108,1791553133526847379,
-1.6147229671478271,-2.062303066253662,1.2980284048005117,1791553133557350606,
-1.6102311611175537,-2.0455374717712402,1.3672388324955482,1791553133618192366,
-1.6076112985610962,-2.0312089920043945,1.4223598765982144,1791553133666954566,
-1.6056756973266602,-2.017210006713867,1.478694002081966,1791553133717428986,
-1.6048188209533691,-2.0028085708618164,1.534945129885303,1791553133766709164,
-1.6044608354568481,-1.9914820194244385,1.5818931934713425,1791553133808471935,
-1.6048729419708252,-1.976920247077942,1.6399012814771905,1791553133857720342,
-1.606021523475647,-1.9629204273223877,1.6958539910504646,1791553133908176619,
-1.607899785041809,-1.9488927125930786,1.7528411202283418,1791553133956877535,
-1.6110354661941528,-1.9346585273742676,1.8089962863436053,1791553134007997037,
-1.6136152744293213,-1.9233521223068237,1.8583135747839363,1791553134049497561,
-1.619802474975586,-1.9051674604415894,1.9357152723836912,1791553134115525914,
-1.624856948852539,-1.8919932842254639,1.9917766453817887,1791553134165546343,
-1.6301605701446533,-1.8806257247924805,2.041369001001827,1791553134209452768,
-1.6368345022201538,-1.868249535560608,2.0974758374457623,1791553134257704737,
-1.6439311504364014,-1.855881929397583,2.157051141565769,1791553134309327047,
-1.6517730951309204,-1.8445494174957275,2.209883976582239,1791553134355500859,
-1.660675287246704,-1.8330217599868774,2.267983602059231,1791553134406224293,
-1.6729490756988525,-1.8194106817245483,2.3405676561785858,1791553134468485087,
-1.6825692653656006,-1.8097748756408691,2.396823874238098,1791553134516438187,
-1.6933015584945679,-1.80022394657135,2.455118302031874,1791553134566416963,
-1.7031455039978027,-1.7922455072402954,2.5038477260030803,1791553134608455632,
-1.714824914932251,-1.78406822681427,2.5574468715518397,1791553134657479185,
-1.7270305156707764,-1.7763891220092773,2.6152877423433765,1791553134707977487,
-1.739048719406128,-1.7695399522781372,2.671011470605143,1791553134754988612,
-1.751802921295166,-1.763269305229187,2.7285577618474965,1791553134805088158,
-1.7686796188354492,-1.7566181421279907,2.7996225563968893,1791553134866530408,
-1.7813482284545898,-1.7521308660507202,2.853084362898259,1791553134915441597,
-1.7953234910964966,-1.7482894659042358,2.9113788711836515,1791553134965162006,
-1.8072363138198853,-1.7456178665161133,2.960003394101536,1791553135008467019,
-1.8214173316955566,-1.743322491645813,3.017555962598862,1791553135057571275,
